F72,F54,F53,F55,F25,F26,
8967,org/apache/log4j,apache,org/apache/log4j/BasicConfigurationFactory.java,1331,true,
8967,org/apache/log4j,apache,org/apache/log4j/BasicConfigurationFactory.java,1331,true,
8794,org/apache/log4j,apache,org/apache/log4j/Level.java,696,true,
8794,org/apache/log4j,apache,org/apache/log4j/Level.java,696,true,
8186,org/apache/log4j,apache,org/apache/log4j/LevelTest.java,388,true,
8186,org/apache/log4j,apache,org/apache/log4j/LevelTest.java,388,true,
8186,org/apache/log4j,apache,org/apache/log4j/LevelTest.java,388,true,
8186,org/apache/log4j,apache,org/apache/log4j/LevelTest.java,388,true,
8186,org/apache/log4j,apache,org/apache/log4j/LevelTest.java,388,true,
8186,org/apache/log4j,apache,org/apache/log4j/LevelTest.java,388,true,
8186,org/apache/log4j,apache,org/apache/log4j/LevelTest.java,388,true,
8186,org/apache/log4j,apache,org/apache/log4j/LevelTest.java,388,true,
8186,org/apache/log4j,apache,org/apache/log4j/LevelTest.java,388,true,
8186,org/apache/log4j,apache,org/apache/log4j/LevelTest.java,388,true,
8186,org/apache/log4j,apache,org/apache/log4j/LevelTest.java,388,true,
8186,org/apache/log4j,apache,org/apache/log4j/LevelTest.java,388,true,
8186,org/apache/log4j,apache,org/apache/log4j/LevelTest.java,388,true,
8186,org/apache/log4j,apache,org/apache/log4j/LevelTest.java,388,true,
8186,org/apache/log4j,apache,org/apache/log4j/LoggerTest.java,388,true,
7899,org/apache/log4j,apache,org/apache/log4j/LoggingTest.java,243,true,
7899,org/apache/log4j,apache,org/apache/log4j/LoggingTest.java,243,true,
7392,org/apache/log4j,apache,org/apache/log4j/Priority.java,130,true,
7392,org/apache/log4j,apache,org/apache/log4j/Priority.java,130,true,
7383,org/apache/log4j,apache,org/apache/log4j/VelocityTest.java,129,true,
8967,org/apache/log4j/util,apache,org/apache/log4j/util/SerializationTestHelper.java,1331,true,
8967,org/apache/log4j/util,apache,org/apache/log4j/util/SerializationTestHelper.java,1331,true,
8967,org/apache/log4j/util,apache,org/apache/log4j/util/SerializationTestHelper.java,1331,true,
8967,org/apache/log4j/util,apache,org/apache/log4j/util/SerializationTestHelper.java,1331,true,
8151,org/apache/logging/dumbster/smtp,apache,org/apache/logging/dumbster/smtp/SimpleSmtpServer.java,368,true,
8151,org/apache/logging/dumbster/smtp,apache,org/apache/logging/dumbster/smtp/SimpleSmtpServer.java,368,true,
8151,org/apache/logging/dumbster/smtp,apache,org/apache/logging/dumbster/smtp/SimpleSmtpServer.java,368,true,
8151,org/apache/logging/dumbster/smtp,apache,org/apache/logging/dumbster/smtp/SimpleSmtpServer.java,368,true,
8151,org/apache/logging/dumbster/smtp,apache,org/apache/logging/dumbster/smtp/SimpleSmtpServer.java,368,true,
8151,org/apache/logging/dumbster/smtp,apache,org/apache/logging/dumbster/smtp/SimpleSmtpServer.java,368,true,
8151,org/apache/logging/dumbster/smtp,apache,org/apache/logging/dumbster/smtp/SimpleSmtpServer.java,368,true,
8151,org/apache/logging/dumbster/smtp,apache,org/apache/logging/dumbster/smtp/SimpleSmtpServer.java,368,true,
7397,org/apache/logging/dumbster/smtp,apache,org/apache/logging/dumbster/smtp/SmtpRequest.java,130,true,
8647,org/apache/logging/log4j,apache,org/apache/logging/log4j/AbstractLoggerTest.java,464,true,
8647,org/apache/logging/log4j,apache,org/apache/logging/log4j/AbstractLoggerTest.java,464,true,
8647,org/apache/logging/log4j,apache,org/apache/logging/log4j/AbstractLoggerTest.java,464,true,
8647,org/apache/logging/log4j,apache,org/apache/logging/log4j/AbstractLoggerTest.java,464,true,
8647,org/apache/logging/log4j,apache,org/apache/logging/log4j/AbstractLoggerTest.java,464,true,
8647,org/apache/logging/log4j,apache,org/apache/logging/log4j/AbstractLoggerTest.java,464,true,
8647,org/apache/logging/log4j,apache,org/apache/logging/log4j/AbstractLoggerTest.java,464,true,
8647,org/apache/logging/log4j,apache,org/apache/logging/log4j/AbstractLoggerTest.java,464,true,
8647,org/apache/logging/log4j,apache,org/apache/logging/log4j/AbstractLoggerTest.java,464,true,
8647,org/apache/logging/log4j,apache,org/apache/logging/log4j/AbstractLoggerTest.java,464,true,
8647,org/apache/logging/log4j,apache,org/apache/logging/log4j/AbstractLoggerTest.java,464,true,
8647,org/apache/logging/log4j,apache,org/apache/logging/log4j/AbstractLoggerTest.java,464,true,
7397,org/apache/logging/log4j,apache,org/apache/logging/log4j/DebugDisabledPerformanceComparison.java,130,true,
7397,org/apache/logging/log4j,apache,org/apache/logging/log4j/DebugDisabledPerformanceComparison.java,130,true,
7397,org/apache/logging/log4j,apache,org/apache/logging/log4j/DebugDisabledPerformanceComparison.java,130,true,
7397,org/apache/logging/log4j,apache,org/apache/logging/log4j/DebugDisabledPerformanceComparison.java,130,true,
7397,org/apache/logging/log4j,apache,org/apache/logging/log4j/DebugDisabledPerformanceComparison.java,130,true,
7397,org/apache/logging/log4j,apache,org/apache/logging/log4j/DebugDisabledPerformanceComparison.java,130,true,
7397,org/apache/logging/log4j,apache,org/apache/logging/log4j/DebugDisabledPerformanceComparison.java,130,true,
7397,org/apache/logging/log4j,apache,org/apache/logging/log4j/DebugDisabledPerformanceComparison.java,130,true,
7397,org/apache/logging/log4j,apache,org/apache/logging/log4j/DebugDisabledPerformanceComparison.java,130,true,
7397,org/apache/logging/log4j,apache,org/apache/logging/log4j/DebugDisabledPerformanceComparison.java,130,true,
7397,org/apache/logging/log4j,apache,org/apache/logging/log4j/DebugDisabledPerformanceComparison.java,130,true,
7397,org/apache/logging/log4j,apache,org/apache/logging/log4j/DebugDisabledPerformanceComparison.java,130,true,
7397,org/apache/logging/log4j,apache,org/apache/logging/log4j/DebugDisabledPerformanceComparison.java,130,true,
7397,org/apache/logging/log4j,apache,org/apache/logging/log4j/DebugDisabledPerformanceComparison.java,130,true,
7397,org/apache/logging/log4j,apache,org/apache/logging/log4j/DebugDisabledPerformanceComparison.java,130,true,
7397,org/apache/logging/log4j,apache,org/apache/logging/log4j/DebugDisabledPerformanceComparison.java,130,true,
7397,org/apache/logging/log4j,apache,org/apache/logging/log4j/DebugDisabledPerformanceComparison.java,130,true,
7397,org/apache/logging/log4j,apache,org/apache/logging/log4j/DebugDisabledPerformanceComparison.java,130,true,
7397,org/apache/logging/log4j,apache,org/apache/logging/log4j/DebugDisabledPerformanceComparison.java,130,true,
7397,org/apache/logging/log4j,apache,org/apache/logging/log4j/DebugDisabledPerformanceComparison.java,130,true,
7397,org/apache/logging/log4j,apache,org/apache/logging/log4j/DebugDisabledPerformanceComparison.java,130,true,
8776,org/apache/logging/log4j,apache,org/apache/logging/log4j/EventLoggerTest.java,613,true,
7397,org/apache/logging/log4j,apache,org/apache/logging/log4j/FilterPerformanceComparison.java,130,true,
7397,org/apache/logging/log4j,apache,org/apache/logging/log4j/FilterPerformanceComparison.java,130,true,
8172,org/apache/logging/log4j,apache,org/apache/logging/log4j/FormatterLoggerManualExample.java,386,true,
7397,org/apache/logging/log4j,apache,org/apache/logging/log4j/Log4jInitPerformance.java,130,true,
8968,org/apache/logging/log4j,apache,org/apache/logging/log4j/LoggerTest.java,1331,true,
8968,org/apache/logging/log4j,apache,org/apache/logging/log4j/LoggerTest.java,1331,true,
8929,org/apache/logging/log4j,apache,org/apache/logging/log4j/PerformanceComparison.java,1061,true,
8929,org/apache/logging/log4j,apache,org/apache/logging/log4j/PerformanceComparison.java,1061,true,
8929,org/apache/logging/log4j,apache,org/apache/logging/log4j/PerformanceComparison.java,1061,true,
8929,org/apache/logging/log4j,apache,org/apache/logging/log4j/PerformanceComparison.java,1061,true,
8929,org/apache/logging/log4j,apache,org/apache/logging/log4j/PerformanceComparison.java,1061,true,
8929,org/apache/logging/log4j,apache,org/apache/logging/log4j/PerformanceComparison.java,1061,true,
8929,org/apache/logging/log4j,apache,org/apache/logging/log4j/PerformanceComparison.java,1061,true,
8929,org/apache/logging/log4j,apache,org/apache/logging/log4j/PerformanceComparison.java,1061,true,
8929,org/apache/logging/log4j,apache,org/apache/logging/log4j/PerformanceComparison.java,1061,true,
8929,org/apache/logging/log4j,apache,org/apache/logging/log4j/PerformanceComparison.java,1061,true,
8929,org/apache/logging/log4j,apache,org/apache/logging/log4j/PerformanceComparison.java,1061,true,
8929,org/apache/logging/log4j,apache,org/apache/logging/log4j/PerformanceComparison.java,1061,true,
8929,org/apache/logging/log4j,apache,org/apache/logging/log4j/PerformanceComparison.java,1061,true,
8217,org/apache/logging/log4j,apache,org/apache/logging/log4j/PerformanceRun.java,400,true,
8217,org/apache/logging/log4j,apache,org/apache/logging/log4j/PerformanceRun.java,400,true,
8217,org/apache/logging/log4j,apache,org/apache/logging/log4j/PerformanceRun.java,400,true,
8217,org/apache/logging/log4j,apache,org/apache/logging/log4j/PerformanceRun.java,400,true,
8217,org/apache/logging/log4j,apache,org/apache/logging/log4j/PerformanceRun.java,400,true,
8217,org/apache/logging/log4j,apache,org/apache/logging/log4j/PerformanceRun.java,400,true,
8217,org/apache/logging/log4j,apache,org/apache/logging/log4j/PerformanceRun.java,400,true,
8217,org/apache/logging/log4j,apache,org/apache/logging/log4j/PerformanceRun.java,400,true,
8217,org/apache/logging/log4j,apache,org/apache/logging/log4j/PerformanceRun.java,400,true,
8217,org/apache/logging/log4j,apache,org/apache/logging/log4j/PerformanceRun.java,400,true,
7398,org/apache/logging/log4j,apache,org/apache/logging/log4j/TestLogger.java,130,true,
7398,org/apache/logging/log4j,apache,org/apache/logging/log4j/TestLogger.java,130,true,
8794,org/apache/logging/log4j,apache,org/apache/logging/log4j/ThreadContext.java,696,true,
8424,org/apache/logging/log4j,apache,org/apache/logging/log4j/ThreadContextTest.java,431,true,
7397,org/apache/logging/log4j/core,apache,org/apache/logging/log4j/core/BasicConfigurationFactory.java,130,true,
7397,org/apache/logging/log4j/core,apache,org/apache/logging/log4j/core/BasicConfigurationFactory.java,130,true,
7397,org/apache/logging/log4j/core,apache,org/apache/logging/log4j/core/BasicConfigurationFactory.java,130,true,
7397,org/apache/logging/log4j/core,apache,org/apache/logging/log4j/core/FileConfigTest.java,130,true,
7397,org/apache/logging/log4j/core,apache,org/apache/logging/log4j/core/FileConfigTest.java,130,true,
7397,org/apache/logging/log4j/core,apache,org/apache/logging/log4j/core/FileConfigTest.java,130,true,
7366,org/apache/logging/log4j/core,apache,org/apache/logging/log4j/core/LateConfigTest.java,123,true,
7366,org/apache/logging/log4j/core,apache,org/apache/logging/log4j/core/LateConfigTest.java,123,true,
7397,org/apache/logging/log4j/core,apache,org/apache/logging/log4j/core/LogEventTest.java,130,true,
7397,org/apache/logging/log4j/core,apache,org/apache/logging/log4j/core/LogEventTest.java,130,true,
8776,org/apache/logging/log4j/core,apache,org/apache/logging/log4j/core/Logger.java,613,true,
8776,org/apache/logging/log4j/core,apache,org/apache/logging/log4j/core/Logger.java,613,true,
7397,org/apache/logging/log4j/core,apache,org/apache/logging/log4j/core/LoggerContext.java,130,true,
7397,org/apache/logging/log4j/core,apache,org/apache/logging/log4j/core/LoggerContext.java,130,true,
7397,org/apache/logging/log4j/core,apache,org/apache/logging/log4j/core/LoggerContext.java,130,true,
7397,org/apache/logging/log4j/core,apache,org/apache/logging/log4j/core/LoggerTest.java,130,true,
7397,org/apache/logging/log4j/core,apache,org/apache/logging/log4j/core/LoggerTest.java,130,true,
7397,org/apache/logging/log4j/core,apache,org/apache/logging/log4j/core/LoggerTest.java,130,true,
7397,org/apache/logging/log4j/core,apache,org/apache/logging/log4j/core/LoggerTest.java,130,true,
7397,org/apache/logging/log4j/core,apache,org/apache/logging/log4j/core/LoggerTest.java,130,true,
7397,org/apache/logging/log4j/core,apache,org/apache/logging/log4j/core/LoggerUpdateTest.java,130,true,
7397,org/apache/logging/log4j/core,apache,org/apache/logging/log4j/core/LoggerUpdateTest.java,130,true,
7397,org/apache/logging/log4j/core,apache,org/apache/logging/log4j/core/LoggerUpdateTest.java,130,true,
7397,org/apache/logging/log4j/core,apache,org/apache/logging/log4j/core/LoggerUpdateTest.java,130,true,
7397,org/apache/logging/log4j/core,apache,org/apache/logging/log4j/core/LoggerUpdateTest.java,130,true,
7552,org/apache/logging/log4j/core,apache,org/apache/logging/log4j/core/ShutdownDisabledTest.java,166,true,
7397,org/apache/logging/log4j/core,apache,org/apache/logging/log4j/core/SimplePerfTest.java,130,true,
7397,org/apache/logging/log4j/core,apache,org/apache/logging/log4j/core/SimplePerfTest.java,130,true,
7397,org/apache/logging/log4j/core,apache,org/apache/logging/log4j/core/SimplePerfTest.java,130,true,
7397,org/apache/logging/log4j/core,apache,org/apache/logging/log4j/core/SimplePerfTest.java,130,true,
8776,org/apache/logging/log4j/core,apache,org/apache/logging/log4j/core/ThreadedPerfTest.java,613,true,
8776,org/apache/logging/log4j/core,apache,org/apache/logging/log4j/core/ThreadedPerfTest.java,613,true,
7397,org/apache/logging/log4j/core,apache,org/apache/logging/log4j/core/ThreadedTest.java,130,true,
7397,org/apache/logging/log4j/core,apache,org/apache/logging/log4j/core/ThreadedTest.java,130,true,
7397,org/apache/logging/log4j/core,apache,org/apache/logging/log4j/core/ThreadedTest.java,130,true,
7397,org/apache/logging/log4j/core,apache,org/apache/logging/log4j/core/ThreadedTest.java,130,true,
8651,org/apache/logging/log4j/core,apache,org/apache/logging/log4j/core/XMLEvents.java,466,true,
8651,org/apache/logging/log4j/core,apache,org/apache/logging/log4j/core/XMLEvents.java,466,true,
7929,org/apache/logging/log4j/core/appender,apache,org/apache/logging/log4j/core/appender/AsyncAppender.java,249,true,
7929,org/apache/logging/log4j/core/appender,apache,org/apache/logging/log4j/core/appender/AsyncAppender.java,249,true,
7929,org/apache/logging/log4j/core/appender,apache,org/apache/logging/log4j/core/appender/AsyncAppender.java,249,true,
8186,org/apache/logging/log4j/core/appender,apache,org/apache/logging/log4j/core/appender/ConsoleAppender.java,388,true,
7485,org/apache/logging/log4j/core/appender,apache,org/apache/logging/log4j/core/appender/ConsoleAppenderTest.java,141,true,
7485,org/apache/logging/log4j/core/appender,apache,org/apache/logging/log4j/core/appender/ConsoleAppenderTest.java,141,true,
8186,org/apache/logging/log4j/core/appender,apache,org/apache/logging/log4j/core/appender/FailoverAppender.java,388,true,
8776,org/apache/logging/log4j/core/appender,apache,org/apache/logging/log4j/core/appender/FailoversPlugin.java,613,true,
8776,org/apache/logging/log4j/core/appender,apache,org/apache/logging/log4j/core/appender/FileAppender.java,613,true,
8776,org/apache/logging/log4j/core/appender,apache,org/apache/logging/log4j/core/appender/FileAppenderTest.java,613,true,
8776,org/apache/logging/log4j/core/appender,apache,org/apache/logging/log4j/core/appender/FileAppenderTest.java,613,true,
8776,org/apache/logging/log4j/core/appender,apache,org/apache/logging/log4j/core/appender/FileAppenderTest.java,613,true,
8776,org/apache/logging/log4j/core/appender,apache,org/apache/logging/log4j/core/appender/FileAppenderTest.java,613,true,
8776,org/apache/logging/log4j/core/appender,apache,org/apache/logging/log4j/core/appender/FileAppenderTest.java,613,true,
8776,org/apache/logging/log4j/core/appender,apache,org/apache/logging/log4j/core/appender/FileManager.java,613,true,
7457,org/apache/logging/log4j/core/appender,apache,org/apache/logging/log4j/core/appender/JSONCompleteFileAppenderTest.java,139,true,
7457,org/apache/logging/log4j/core/appender,apache,org/apache/logging/log4j/core/appender/JSONCompleteFileAppenderTest.java,139,true,
7539,org/apache/logging/log4j/core/appender,apache,org/apache/logging/log4j/core/appender/RandomAccessFileAppender.java,162,true,
7539,org/apache/logging/log4j/core/appender,apache,org/apache/logging/log4j/core/appender/RandomAccessFileAppender.java,162,true,
7539,org/apache/logging/log4j/core/appender,apache,org/apache/logging/log4j/core/appender/RandomAccessFileAppenderLocationTest.java,162,true,
7539,org/apache/logging/log4j/core/appender,apache,org/apache/logging/log4j/core/appender/RandomAccessFileAppenderLocationTest.java,162,true,
7539,org/apache/logging/log4j/core/appender,apache,org/apache/logging/log4j/core/appender/RandomAccessFileAppenderLocationTest.java,162,true,
7539,org/apache/logging/log4j/core/appender,apache,org/apache/logging/log4j/core/appender/RandomAccessFileAppenderTest.java,162,true,
7539,org/apache/logging/log4j/core/appender,apache,org/apache/logging/log4j/core/appender/RandomAccessFileAppenderTest.java,162,true,
7539,org/apache/logging/log4j/core/appender,apache,org/apache/logging/log4j/core/appender/RandomAccessFileAppenderTest.java,162,true,
7539,org/apache/logging/log4j/core/appender,apache,org/apache/logging/log4j/core/appender/RandomAccessFileManager.java,162,true,
7539,org/apache/logging/log4j/core/appender,apache,org/apache/logging/log4j/core/appender/RandomAccessFileManager.java,162,true,
7539,org/apache/logging/log4j/core/appender,apache,org/apache/logging/log4j/core/appender/RandomAccessFileManager.java,162,true,
7539,org/apache/logging/log4j/core/appender,apache,org/apache/logging/log4j/core/appender/RandomAccessFileManager.java,162,true,
7539,org/apache/logging/log4j/core/appender,apache,org/apache/logging/log4j/core/appender/RandomAccessFileManagerTest.java,162,true,
8930,org/apache/logging/log4j/core/appender,apache,org/apache/logging/log4j/core/appender/RollingFileAppender.java,1091,true,
8930,org/apache/logging/log4j/core/appender,apache,org/apache/logging/log4j/core/appender/RollingFileAppender.java,1091,true,
7539,org/apache/logging/log4j/core/appender,apache,org/apache/logging/log4j/core/appender/RollingRandomAccessFileAppender.java,162,true,
7539,org/apache/logging/log4j/core/appender,apache,org/apache/logging/log4j/core/appender/RollingRandomAccessFileAppender.java,162,true,
7539,org/apache/logging/log4j/core/appender,apache,org/apache/logging/log4j/core/appender/RollingRandomAccessFileAppenderLocationTest.java,162,true,
7539,org/apache/logging/log4j/core/appender,apache,org/apache/logging/log4j/core/appender/RollingRandomAccessFileAppenderLocationTest.java,162,true,
7539,org/apache/logging/log4j/core/appender,apache,org/apache/logging/log4j/core/appender/RollingRandomAccessFileAppenderLocationTest.java,162,true,
7539,org/apache/logging/log4j/core/appender,apache,org/apache/logging/log4j/core/appender/RollingRandomAccessFileAppenderRolloverTest.java,162,true,
7539,org/apache/logging/log4j/core/appender,apache,org/apache/logging/log4j/core/appender/RollingRandomAccessFileAppenderRolloverTest.java,162,true,
7539,org/apache/logging/log4j/core/appender,apache,org/apache/logging/log4j/core/appender/RollingRandomAccessFileAppenderRolloverTest.java,162,true,
7539,org/apache/logging/log4j/core/appender,apache,org/apache/logging/log4j/core/appender/RollingRandomAccessFileAppenderRolloverTest.java,162,true,
7539,org/apache/logging/log4j/core/appender,apache,org/apache/logging/log4j/core/appender/RollingRandomAccessFileAppenderRolloverTest.java,162,true,
7539,org/apache/logging/log4j/core/appender,apache,org/apache/logging/log4j/core/appender/RollingRandomAccessFileAppenderRolloverTest.java,162,true,
7539,org/apache/logging/log4j/core/appender,apache,org/apache/logging/log4j/core/appender/RollingRandomAccessFileAppenderRolloverTest.java,162,true,
7539,org/apache/logging/log4j/core/appender,apache,org/apache/logging/log4j/core/appender/RollingRandomAccessFileAppenderTest.java,162,true,
7539,org/apache/logging/log4j/core/appender,apache,org/apache/logging/log4j/core/appender/RollingRandomAccessFileAppenderTest.java,162,true,
7539,org/apache/logging/log4j/core/appender,apache,org/apache/logging/log4j/core/appender/RollingRandomAccessFileAppenderTest.java,162,true,
7397,org/apache/logging/log4j/core/appender,apache,org/apache/logging/log4j/core/appender/SMTPAppender.java,130,true,
8776,org/apache/logging/log4j/core/appender,apache,org/apache/logging/log4j/core/appender/SocketAppenderTest.java,613,true,
8776,org/apache/logging/log4j/core/appender,apache,org/apache/logging/log4j/core/appender/SocketAppenderTest.java,613,true,
8776,org/apache/logging/log4j/core/appender,apache,org/apache/logging/log4j/core/appender/SocketAppenderTest.java,613,true,
8776,org/apache/logging/log4j/core/appender,apache,org/apache/logging/log4j/core/appender/SocketAppenderTest.java,613,true,
8776,org/apache/logging/log4j/core/appender,apache,org/apache/logging/log4j/core/appender/SocketAppenderTest.java,613,true,
8776,org/apache/logging/log4j/core/appender,apache,org/apache/logging/log4j/core/appender/SocketAppenderTest.java,613,true,
7330,org/apache/logging/log4j/core/appender,apache,org/apache/logging/log4j/core/appender/SyslogAppenderTestBase.java,120,true,
7330,org/apache/logging/log4j/core/appender,apache,org/apache/logging/log4j/core/appender/SyslogAppenderTestBase.java,120,true,
7330,org/apache/logging/log4j/core/appender,apache,org/apache/logging/log4j/core/appender/TLSSyslogAppender.java,120,true,
7330,org/apache/logging/log4j/core/appender,apache,org/apache/logging/log4j/core/appender/TLSSyslogAppenderTest.java,120,true,
7330,org/apache/logging/log4j/core/appender,apache,org/apache/logging/log4j/core/appender/TLSSyslogFrame.java,120,true,
7330,org/apache/logging/log4j/core/appender,apache,org/apache/logging/log4j/core/appender/TLSSyslogFrame.java,120,true,
7330,org/apache/logging/log4j/core/appender,apache,org/apache/logging/log4j/core/appender/TLSSyslogFrameTest.java,120,true,
7397,org/apache/logging/log4j/core/appender,apache,org/apache/logging/log4j/core/appender/XmlCompactFileAppenderTest.java,130,true,
7397,org/apache/logging/log4j/core/appender,apache,org/apache/logging/log4j/core/appender/XmlCompactFileAppenderTest.java,130,true,
7567,org/apache/logging/log4j/core/appender,apache,org/apache/logging/log4j/core/appender/XmlCompactFileAppenderValidationTest.java,169,true,
7567,org/apache/logging/log4j/core/appender,apache,org/apache/logging/log4j/core/appender/XmlCompactFileAppenderValidationTest.java,169,true,
7567,org/apache/logging/log4j/core/appender,apache,org/apache/logging/log4j/core/appender/XmlCompactFileAppenderValidationTest.java,169,true,
7559,org/apache/logging/log4j/core/appender,apache,org/apache/logging/log4j/core/appender/XmlCompactFileAsyncAppenderValidationTest.java,169,true,
7559,org/apache/logging/log4j/core/appender,apache,org/apache/logging/log4j/core/appender/XmlCompactFileAsyncAppenderValidationTest.java,169,true,
7527,org/apache/logging/log4j/core/appender,apache,org/apache/logging/log4j/core/appender/XmlCompleteFileAppenderTest.java,155,true,
7527,org/apache/logging/log4j/core/appender,apache,org/apache/logging/log4j/core/appender/XmlCompleteFileAppenderTest.java,155,true,
7527,org/apache/logging/log4j/core/appender,apache,org/apache/logging/log4j/core/appender/XmlFileAppenderTest.java,155,true,
7527,org/apache/logging/log4j/core/appender,apache,org/apache/logging/log4j/core/appender/XmlFileAppenderTest.java,155,true,
7539,org/apache/logging/log4j/core/appender,apache,org/apache/logging/log4j/core/appender/XmlRandomAccessFileAppenderTest.java,162,true,
7539,org/apache/logging/log4j/core/appender,apache,org/apache/logging/log4j/core/appender/XmlRandomAccessFileAppenderTest.java,162,true,
7862,org/apache/logging/log4j/core/appender/db,apache,org/apache/logging/log4j/core/appender/db/AbstractDatabaseManager.java,237,true,
7828,org/apache/logging/log4j/core/appender/db/jdbc,apache,org/apache/logging/log4j/core/appender/db/jdbc/AbstractJdbcAppenderTest.java,233,true,
7828,org/apache/logging/log4j/core/appender/db/jdbc,apache,org/apache/logging/log4j/core/appender/db/jdbc/AbstractJdbcAppenderTest.java,233,true,
7828,org/apache/logging/log4j/core/appender/db/jdbc,apache,org/apache/logging/log4j/core/appender/db/jdbc/AbstractJdbcAppenderTest.java,233,true,
7828,org/apache/logging/log4j/core/appender/db/jdbc,apache,org/apache/logging/log4j/core/appender/db/jdbc/AbstractJdbcAppenderTest.java,233,true,
7828,org/apache/logging/log4j/core/appender/db/jdbc,apache,org/apache/logging/log4j/core/appender/db/jdbc/AbstractJdbcAppenderTest.java,233,true,
7828,org/apache/logging/log4j/core/appender/db/jdbc,apache,org/apache/logging/log4j/core/appender/db/jdbc/AbstractJdbcAppenderTest.java,233,true,
7828,org/apache/logging/log4j/core/appender/db/jdbc,apache,org/apache/logging/log4j/core/appender/db/jdbc/AbstractJdbcAppenderTest.java,233,true,
7828,org/apache/logging/log4j/core/appender/db/jdbc,apache,org/apache/logging/log4j/core/appender/db/jdbc/AbstractJdbcAppenderTest.java,233,true,
7828,org/apache/logging/log4j/core/appender/db/jdbc,apache,org/apache/logging/log4j/core/appender/db/jdbc/AbstractJdbcAppenderTest.java,233,true,
7828,org/apache/logging/log4j/core/appender/db/jdbc,apache,org/apache/logging/log4j/core/appender/db/jdbc/AbstractJdbcAppenderTest.java,233,true,
7828,org/apache/logging/log4j/core/appender/db/jdbc,apache,org/apache/logging/log4j/core/appender/db/jdbc/AbstractJdbcAppenderTest.java,233,true,
7828,org/apache/logging/log4j/core/appender/db/jdbc,apache,org/apache/logging/log4j/core/appender/db/jdbc/AbstractJdbcAppenderTest.java,233,true,
7828,org/apache/logging/log4j/core/appender/db/jdbc,apache,org/apache/logging/log4j/core/appender/db/jdbc/AbstractJdbcAppenderTest.java,233,true,
7828,org/apache/logging/log4j/core/appender/db/jdbc,apache,org/apache/logging/log4j/core/appender/db/jdbc/AbstractJdbcAppenderTest.java,233,true,
7828,org/apache/logging/log4j/core/appender/db/jdbc,apache,org/apache/logging/log4j/core/appender/db/jdbc/AbstractJdbcAppenderTest.java,233,true,
7828,org/apache/logging/log4j/core/appender/db/jdbc,apache,org/apache/logging/log4j/core/appender/db/jdbc/AbstractJdbcAppenderTest.java,233,true,
7828,org/apache/logging/log4j/core/appender/db/jdbc,apache,org/apache/logging/log4j/core/appender/db/jdbc/AbstractJdbcAppenderTest.java,233,true,
7828,org/apache/logging/log4j/core/appender/db/jdbc,apache,org/apache/logging/log4j/core/appender/db/jdbc/AbstractJdbcAppenderTest.java,233,true,
7861,org/apache/logging/log4j/core/appender/db/jdbc,apache,org/apache/logging/log4j/core/appender/db/jdbc/DataSourceConnectionSourceTest.java,237,true,
7861,org/apache/logging/log4j/core/appender/db/jdbc,apache,org/apache/logging/log4j/core/appender/db/jdbc/DataSourceConnectionSourceTest.java,237,true,
7862,org/apache/logging/log4j/core/appender/db/jdbc,apache,org/apache/logging/log4j/core/appender/db/jdbc/DriverManagerConnectionSource.java,237,true,
7862,org/apache/logging/log4j/core/appender/db/jdbc,apache,org/apache/logging/log4j/core/appender/db/jdbc/FactoryMethodConnectionSource.java,237,true,
7862,org/apache/logging/log4j/core/appender/db/jdbc,apache,org/apache/logging/log4j/core/appender/db/jdbc/JDBCAppender.java,237,true,
7862,org/apache/logging/log4j/core/appender/db/jdbc,apache,org/apache/logging/log4j/core/appender/db/jdbc/JDBCDatabaseManager.java,237,true,
7828,org/apache/logging/log4j/core/appender/db/jdbc,apache,org/apache/logging/log4j/core/appender/db/jdbc/JdbcH2AppenderTest.java,233,true,
7828,org/apache/logging/log4j/core/appender/db/jdbc,apache,org/apache/logging/log4j/core/appender/db/jdbc/JdbcH2AppenderTest.java,233,true,
7828,org/apache/logging/log4j/core/appender/db/jdbc,apache,org/apache/logging/log4j/core/appender/db/jdbc/JdbcHyperSqlAppenderTest.java,233,true,
7828,org/apache/logging/log4j/core/appender/db/jdbc,apache,org/apache/logging/log4j/core/appender/db/jdbc/JdbcHyperSqlAppenderTest.java,233,true,
7549,org/apache/logging/log4j/core/appender/db/jpa,apache,org/apache/logging/log4j/core/appender/db/jpa/AbstractJpaAppenderTest.java,166,true,
7549,org/apache/logging/log4j/core/appender/db/jpa,apache,org/apache/logging/log4j/core/appender/db/jpa/AbstractJpaAppenderTest.java,166,true,
7549,org/apache/logging/log4j/core/appender/db/jpa,apache,org/apache/logging/log4j/core/appender/db/jpa/AbstractJpaAppenderTest.java,166,true,
7549,org/apache/logging/log4j/core/appender/db/jpa,apache,org/apache/logging/log4j/core/appender/db/jpa/AbstractJpaAppenderTest.java,166,true,
7549,org/apache/logging/log4j/core/appender/db/jpa,apache,org/apache/logging/log4j/core/appender/db/jpa/AbstractJpaAppenderTest.java,166,true,
7549,org/apache/logging/log4j/core/appender/db/jpa,apache,org/apache/logging/log4j/core/appender/db/jpa/AbstractJpaAppenderTest.java,166,true,
7549,org/apache/logging/log4j/core/appender/db/jpa,apache,org/apache/logging/log4j/core/appender/db/jpa/AbstractJpaAppenderTest.java,166,true,
7549,org/apache/logging/log4j/core/appender/db/jpa,apache,org/apache/logging/log4j/core/appender/db/jpa/AbstractJpaAppenderTest.java,166,true,
7549,org/apache/logging/log4j/core/appender/db/jpa,apache,org/apache/logging/log4j/core/appender/db/jpa/AbstractJpaAppenderTest.java,166,true,
7549,org/apache/logging/log4j/core/appender/db/jpa,apache,org/apache/logging/log4j/core/appender/db/jpa/AbstractJpaAppenderTest.java,166,true,
7549,org/apache/logging/log4j/core/appender/db/jpa,apache,org/apache/logging/log4j/core/appender/db/jpa/AbstractJpaAppenderTest.java,166,true,
7549,org/apache/logging/log4j/core/appender/db/jpa,apache,org/apache/logging/log4j/core/appender/db/jpa/AbstractJpaAppenderTest.java,166,true,
7549,org/apache/logging/log4j/core/appender/db/jpa,apache,org/apache/logging/log4j/core/appender/db/jpa/AbstractJpaAppenderTest.java,166,true,
7397,org/apache/logging/log4j/core/appender/db/jpa,apache,org/apache/logging/log4j/core/appender/db/jpa/JPAAppender.java,130,true,
7397,org/apache/logging/log4j/core/appender/db/jpa,apache,org/apache/logging/log4j/core/appender/db/jpa/JpaH2AppenderTest.java,130,true,
7397,org/apache/logging/log4j/core/appender/db/jpa,apache,org/apache/logging/log4j/core/appender/db/jpa/JpaH2AppenderTest.java,130,true,
7397,org/apache/logging/log4j/core/appender/db/jpa,apache,org/apache/logging/log4j/core/appender/db/jpa/JpaH2AppenderTest.java,130,true,
7549,org/apache/logging/log4j/core/appender/db/jpa,apache,org/apache/logging/log4j/core/appender/db/jpa/JpaHyperSqlAppenderTest.java,166,true,
7549,org/apache/logging/log4j/core/appender/db/jpa,apache,org/apache/logging/log4j/core/appender/db/jpa/JpaHyperSqlAppenderTest.java,166,true,
7549,org/apache/logging/log4j/core/appender/db/jpa,apache,org/apache/logging/log4j/core/appender/db/jpa/JpaHyperSqlAppenderTest.java,166,true,
7397,org/apache/logging/log4j/core/appender/db/jpa/converter,apache,org/apache/logging/log4j/core/appender/db/jpa/converter/ContextMapJsonAttributeConverter.java,130,true,
7397,org/apache/logging/log4j/core/appender/db/jpa/converter,apache,org/apache/logging/log4j/core/appender/db/jpa/converter/ContextStackJsonAttributeConverter.java,130,true,
7841,org/apache/logging/log4j/core/appender/db/jpa/converter,apache,org/apache/logging/log4j/core/appender/db/jpa/converter/MessageAttributeConverterTest.java,235,true,
7841,org/apache/logging/log4j/core/appender/db/jpa/converter,apache,org/apache/logging/log4j/core/appender/db/jpa/converter/MessageAttributeConverterTest.java,235,true,
7841,org/apache/logging/log4j/core/appender/db/jpa/converter,apache,org/apache/logging/log4j/core/appender/db/jpa/converter/MessageAttributeConverterTest.java,235,true,
7397,org/apache/logging/log4j/core/appender/db/jpa/converter,apache,org/apache/logging/log4j/core/appender/db/jpa/converter/StackTraceElementAttributeConverter.java,130,true,
7397,org/apache/logging/log4j/core/appender/db/jpa/converter,apache,org/apache/logging/log4j/core/appender/db/jpa/converter/ThrowableAttributeConverter.java,130,true,
7397,org/apache/logging/log4j/core/appender/db/jpa/converter,apache,org/apache/logging/log4j/core/appender/db/jpa/converter/ThrowableAttributeConverter.java,130,true,
7397,org/apache/logging/log4j/core/appender/db/jpa/converter,apache,org/apache/logging/log4j/core/appender/db/jpa/converter/ThrowableAttributeConverter.java,130,true,
7397,org/apache/logging/log4j/core/appender/db/jpa/converter,apache,org/apache/logging/log4j/core/appender/db/jpa/converter/ThrowableAttributeConverter.java,130,true,
7397,org/apache/logging/log4j/core/appender/db/jpa/converter,apache,org/apache/logging/log4j/core/appender/db/jpa/converter/ThrowableAttributeConverter.java,130,true,
7397,org/apache/logging/log4j/core/appender/db/jpa/converter,apache,org/apache/logging/log4j/core/appender/db/jpa/converter/ThrowableAttributeConverter.java,130,true,
7397,org/apache/logging/log4j/core/appender/db/jpa/converter,apache,org/apache/logging/log4j/core/appender/db/jpa/converter/ThrowableAttributeConverter.java,130,true,
7841,org/apache/logging/log4j/core/appender/db/jpa/converter,apache,org/apache/logging/log4j/core/appender/db/jpa/converter/ThrowableAttributeConverterTest.java,235,true,
7397,org/apache/logging/log4j/core/appender/db/nosql,apache,org/apache/logging/log4j/core/appender/db/nosql/NoSQLAppender.java,130,true,
7861,org/apache/logging/log4j/core/appender/db/nosql,apache,org/apache/logging/log4j/core/appender/db/nosql/NoSQLDatabaseManagerTest.java,237,true,
7861,org/apache/logging/log4j/core/appender/db/nosql,apache,org/apache/logging/log4j/core/appender/db/nosql/NoSQLDatabaseManagerTest.java,237,true,
7861,org/apache/logging/log4j/core/appender/db/nosql,apache,org/apache/logging/log4j/core/appender/db/nosql/NoSQLDatabaseManagerTest.java,237,true,
7861,org/apache/logging/log4j/core/appender/db/nosql,apache,org/apache/logging/log4j/core/appender/db/nosql/NoSQLDatabaseManagerTest.java,237,true,
7861,org/apache/logging/log4j/core/appender/db/nosql,apache,org/apache/logging/log4j/core/appender/db/nosql/NoSQLDatabaseManagerTest.java,237,true,
7861,org/apache/logging/log4j/core/appender/db/nosql,apache,org/apache/logging/log4j/core/appender/db/nosql/NoSQLDatabaseManagerTest.java,237,true,
7861,org/apache/logging/log4j/core/appender/db/nosql,apache,org/apache/logging/log4j/core/appender/db/nosql/NoSQLDatabaseManagerTest.java,237,true,
7861,org/apache/logging/log4j/core/appender/db/nosql,apache,org/apache/logging/log4j/core/appender/db/nosql/NoSQLDatabaseManagerTest.java,237,true,
7861,org/apache/logging/log4j/core/appender/db/nosql,apache,org/apache/logging/log4j/core/appender/db/nosql/NoSQLDatabaseManagerTest.java,237,true,
7862,org/apache/logging/log4j/core/appender/db/nosql/couch,apache,org/apache/logging/log4j/core/appender/db/nosql/couch/CouchDBProvider.java,237,true,
7862,org/apache/logging/log4j/core/appender/db/nosql/mongo,apache,org/apache/logging/log4j/core/appender/db/nosql/mongo/MongoDBProvider.java,237,true,
7862,org/apache/logging/log4j/core/appender/db/nosql/mongo,apache,org/apache/logging/log4j/core/appender/db/nosql/mongo/MongoDBProvider.java,237,true,
8848,org/apache/logging/log4j/core/appender/rewrite,apache,org/apache/logging/log4j/core/appender/rewrite/MapRewritePolicy.java,798,true,
8776,org/apache/logging/log4j/core/appender/rewrite,apache,org/apache/logging/log4j/core/appender/rewrite/RewriteAppenderTest.java,613,true,
7299,org/apache/logging/log4j/core/appender/rolling,apache,org/apache/logging/log4j/core/appender/rolling/AbstractRollingAppenderSizeTest.java,114,true,
7299,org/apache/logging/log4j/core/appender/rolling,apache,org/apache/logging/log4j/core/appender/rolling/AbstractRollingAppenderSizeTest.java,114,true,
7299,org/apache/logging/log4j/core/appender/rolling,apache,org/apache/logging/log4j/core/appender/rolling/AbstractRollingAppenderSizeTest.java,114,true,
7299,org/apache/logging/log4j/core/appender/rolling,apache,org/apache/logging/log4j/core/appender/rolling/AbstractRollingAppenderSizeTest.java,114,true,
8776,org/apache/logging/log4j/core/appender/rolling,apache,org/apache/logging/log4j/core/appender/rolling/DefaultRolloverStrategy.java,613,true,
8776,org/apache/logging/log4j/core/appender/rolling,apache,org/apache/logging/log4j/core/appender/rolling/DefaultRolloverStrategy.java,613,true,
7397,org/apache/logging/log4j/core/appender/rolling,apache,org/apache/logging/log4j/core/appender/rolling/OnStartupTriggeringPolicyTest.java,130,true,
7397,org/apache/logging/log4j/core/appender/rolling,apache,org/apache/logging/log4j/core/appender/rolling/RollingAppenderTimeAndSizeTest.java,130,true,
7397,org/apache/logging/log4j/core/appender/rolling,apache,org/apache/logging/log4j/core/appender/rolling/RollingAppenderTimeAndSizeTest.java,130,true,
7397,org/apache/logging/log4j/core/appender/rolling,apache,org/apache/logging/log4j/core/appender/rolling/RollingAppenderTimeAndSizeTest.java,130,true,
7397,org/apache/logging/log4j/core/appender/rolling,apache,org/apache/logging/log4j/core/appender/rolling/RollingAppenderTimeAndSizeTest.java,130,true,
8794,org/apache/logging/log4j/core/appender/rolling,apache,org/apache/logging/log4j/core/appender/rolling/RollingAppenderTimeTest.java,696,true,
8794,org/apache/logging/log4j/core/appender/rolling,apache,org/apache/logging/log4j/core/appender/rolling/RollingAppenderTimeTest.java,696,true,
8794,org/apache/logging/log4j/core/appender/rolling,apache,org/apache/logging/log4j/core/appender/rolling/RollingAppenderTimeTest.java,696,true,
8794,org/apache/logging/log4j/core/appender/rolling,apache,org/apache/logging/log4j/core/appender/rolling/RollingAppenderTimeTest.java,696,true,
7397,org/apache/logging/log4j/core/appender/rolling,apache,org/apache/logging/log4j/core/appender/rolling/RollingAppenderUncompressedTest.java,130,true,
7397,org/apache/logging/log4j/core/appender/rolling,apache,org/apache/logging/log4j/core/appender/rolling/RollingAppenderUncompressedTest.java,130,true,
7397,org/apache/logging/log4j/core/appender/rolling,apache,org/apache/logging/log4j/core/appender/rolling/RollingAppenderUncompressedTest.java,130,true,
7397,org/apache/logging/log4j/core/appender/rolling,apache,org/apache/logging/log4j/core/appender/rolling/RollingAppenderUncompressedTest.java,130,true,
8927,org/apache/logging/log4j/core/appender/rolling,apache,org/apache/logging/log4j/core/appender/rolling/RollingFileManager.java,1018,true,
8927,org/apache/logging/log4j/core/appender/rolling,apache,org/apache/logging/log4j/core/appender/rolling/RollingFileManager.java,1018,true,
8927,org/apache/logging/log4j/core/appender/rolling,apache,org/apache/logging/log4j/core/appender/rolling/RollingFileManager.java,1018,true,
8927,org/apache/logging/log4j/core/appender/rolling,apache,org/apache/logging/log4j/core/appender/rolling/RollingFileManager.java,1018,true,
8927,org/apache/logging/log4j/core/appender/rolling,apache,org/apache/logging/log4j/core/appender/rolling/RollingFileManager.java,1018,true,
7539,org/apache/logging/log4j/core/appender/rolling,apache,org/apache/logging/log4j/core/appender/rolling/RollingRandomAccessFileManager.java,162,true,
7539,org/apache/logging/log4j/core/appender/rolling,apache,org/apache/logging/log4j/core/appender/rolling/RollingRandomAccessFileManager.java,162,true,
7539,org/apache/logging/log4j/core/appender/rolling,apache,org/apache/logging/log4j/core/appender/rolling/RollingRandomAccessFileManager.java,162,true,
7397,org/apache/logging/log4j/core/appender/rolling,apache,org/apache/logging/log4j/core/appender/rolling/RollingRandomAccessFileManagerTest.java,130,true,
7397,org/apache/logging/log4j/core/appender/rolling,apache,org/apache/logging/log4j/core/appender/rolling/RollingRandomAccessFileManagerTest.java,130,true,
7397,org/apache/logging/log4j/core/appender/rolling,apache,org/apache/logging/log4j/core/appender/rolling/RollingRandomAccessFileManagerTest.java,130,true,
8557,org/apache/logging/log4j/core/appender/rolling/helper,apache,org/apache/logging/log4j/core/appender/rolling/helper/AbstractAction.java,450,true,
7397,org/apache/logging/log4j/core/appender/rolling/helper,apache,org/apache/logging/log4j/core/appender/rolling/helper/FileRenameAction.java,130,true,
7397,org/apache/logging/log4j/core/appender/rolling/helper,apache,org/apache/logging/log4j/core/appender/rolling/helper/FileRenameAction.java,130,true,
7397,org/apache/logging/log4j/core/appender/rolling/helper,apache,org/apache/logging/log4j/core/appender/rolling/helper/FileRenameAction.java,130,true,
7397,org/apache/logging/log4j/core/appender/rolling/helper,apache,org/apache/logging/log4j/core/appender/rolling/helper/FileRenameAction.java,130,true,
7397,org/apache/logging/log4j/core/appender/rolling/helper,apache,org/apache/logging/log4j/core/appender/rolling/helper/FileRenameActionTest.java,130,true,
7397,org/apache/logging/log4j/core/appender/rolling/helper,apache,org/apache/logging/log4j/core/appender/rolling/helper/FileRenameActionTest.java,130,true,
7397,org/apache/logging/log4j/core/appender/rolling/helper,apache,org/apache/logging/log4j/core/appender/rolling/helper/FileRenameActionTest.java,130,true,
7397,org/apache/logging/log4j/core/appender/rolling/helper,apache,org/apache/logging/log4j/core/appender/rolling/helper/FileRenameActionTest.java,130,true,
7397,org/apache/logging/log4j/core/appender/rolling/helper,apache,org/apache/logging/log4j/core/appender/rolling/helper/FileRenameActionTest.java,130,true,
7397,org/apache/logging/log4j/core/appender/rolling/helper,apache,org/apache/logging/log4j/core/appender/rolling/helper/FileRenameActionTest.java,130,true,
7397,org/apache/logging/log4j/core/appender/rolling/helper,apache,org/apache/logging/log4j/core/appender/rolling/helper/FileRenameActionTest.java,130,true,
7397,org/apache/logging/log4j/core/appender/rolling/helper,apache,org/apache/logging/log4j/core/appender/rolling/helper/FileRenameActionTest.java,130,true,
7397,org/apache/logging/log4j/core/appender/rolling/helper,apache,org/apache/logging/log4j/core/appender/rolling/helper/FileRenameActionTest.java,130,true,
7397,org/apache/logging/log4j/core/appender/rolling/helper,apache,org/apache/logging/log4j/core/appender/rolling/helper/GZCompressAction.java,130,true,
7397,org/apache/logging/log4j/core/appender/rolling/helper,apache,org/apache/logging/log4j/core/appender/rolling/helper/GZCompressAction.java,130,true,
7397,org/apache/logging/log4j/core/appender/rolling/helper,apache,org/apache/logging/log4j/core/appender/rolling/helper/GZCompressAction.java,130,true,
8927,org/apache/logging/log4j/core/appender/rolling/helper,apache,org/apache/logging/log4j/core/appender/rolling/helper/ZipCompressAction.java,1018,true,
8927,org/apache/logging/log4j/core/appender/rolling/helper,apache,org/apache/logging/log4j/core/appender/rolling/helper/ZipCompressAction.java,1018,true,
8927,org/apache/logging/log4j/core/appender/rolling/helper,apache,org/apache/logging/log4j/core/appender/rolling/helper/ZipCompressAction.java,1018,true,
7397,org/apache/logging/log4j/core/appender/routing,apache,org/apache/logging/log4j/core/appender/routing/JSONRoutingAppender2Test.java,130,true,
7397,org/apache/logging/log4j/core/appender/routing,apache,org/apache/logging/log4j/core/appender/routing/JSONRoutingAppender2Test.java,130,true,
8833,org/apache/logging/log4j/core/appender/routing,apache,org/apache/logging/log4j/core/appender/routing/JSONRoutingAppenderTest.java,781,true,
8833,org/apache/logging/log4j/core/appender/routing,apache,org/apache/logging/log4j/core/appender/routing/JSONRoutingAppenderTest.java,781,true,
8869,org/apache/logging/log4j/core/appender/routing,apache,org/apache/logging/log4j/core/appender/routing/Routes.java,815,true,
7485,org/apache/logging/log4j/core/appender/routing,apache,org/apache/logging/log4j/core/appender/routing/RoutingAppenderTest.java,141,true,
7485,org/apache/logging/log4j/core/appender/routing,apache,org/apache/logging/log4j/core/appender/routing/RoutingAppenderTest.java,141,true,
7556,org/apache/logging/log4j/core/appender/routing,apache,org/apache/logging/log4j/core/appender/routing/RoutingDefaultAppenderTest.java,168,true,
7556,org/apache/logging/log4j/core/appender/routing,apache,org/apache/logging/log4j/core/appender/routing/RoutingDefaultAppenderTest.java,168,true,
7969,org/apache/logging/log4j/core/async,apache,org/apache/logging/log4j/core/async/AsyncLogger.java,260,true,
7969,org/apache/logging/log4j/core/async,apache,org/apache/logging/log4j/core/async/AsyncLogger.java,260,true,
7969,org/apache/logging/log4j/core/async,apache,org/apache/logging/log4j/core/async/AsyncLoggerConfig.java,260,true,
7969,org/apache/logging/log4j/core/async,apache,org/apache/logging/log4j/core/async/AsyncLoggerConfig.java,260,true,
7969,org/apache/logging/log4j/core/async,apache,org/apache/logging/log4j/core/async/AsyncLoggerConfigHelper.java,260,true,
7969,org/apache/logging/log4j/core/async,apache,org/apache/logging/log4j/core/async/AsyncLoggerConfigHelper.java,260,true,
7969,org/apache/logging/log4j/core/async,apache,org/apache/logging/log4j/core/async/AsyncLoggerConfigHelper.java,260,true,
7397,org/apache/logging/log4j/core/async,apache,org/apache/logging/log4j/core/async/AsyncLoggerConfigTest.java,130,true,
7397,org/apache/logging/log4j/core/async,apache,org/apache/logging/log4j/core/async/AsyncLoggerConfigTest.java,130,true,
7397,org/apache/logging/log4j/core/async,apache,org/apache/logging/log4j/core/async/AsyncLoggerConfigTest.java,130,true,
7506,org/apache/logging/log4j/core/async,apache,org/apache/logging/log4j/core/async/AsyncLoggerConfigTest2.java,142,true,
7506,org/apache/logging/log4j/core/async,apache,org/apache/logging/log4j/core/async/AsyncLoggerConfigTest2.java,142,true,
7506,org/apache/logging/log4j/core/async,apache,org/apache/logging/log4j/core/async/AsyncLoggerConfigTest2.java,142,true,
7397,org/apache/logging/log4j/core/async,apache,org/apache/logging/log4j/core/async/AsyncLoggerLocationTest.java,130,true,
7397,org/apache/logging/log4j/core/async,apache,org/apache/logging/log4j/core/async/AsyncLoggerLocationTest.java,130,true,
7397,org/apache/logging/log4j/core/async,apache,org/apache/logging/log4j/core/async/AsyncLoggerLocationTest.java,130,true,
7397,org/apache/logging/log4j/core/async,apache,org/apache/logging/log4j/core/async/AsyncLoggerTest.java,130,true,
7397,org/apache/logging/log4j/core/async,apache,org/apache/logging/log4j/core/async/AsyncLoggerTest.java,130,true,
7397,org/apache/logging/log4j/core/async,apache,org/apache/logging/log4j/core/async/AsyncLoggerTest.java,130,true,
7223,org/apache/logging/log4j/core/async,apache,org/apache/logging/log4j/core/async/AsyncLoggerTestCachedThreadName.java,6,true,
7223,org/apache/logging/log4j/core/async,apache,org/apache/logging/log4j/core/async/AsyncLoggerTestCachedThreadName.java,6,true,
7223,org/apache/logging/log4j/core/async,apache,org/apache/logging/log4j/core/async/AsyncLoggerTestCachedThreadName.java,6,true,
7223,org/apache/logging/log4j/core/async,apache,org/apache/logging/log4j/core/async/AsyncLoggerTestUncachedThreadName.java,6,true,
7223,org/apache/logging/log4j/core/async,apache,org/apache/logging/log4j/core/async/AsyncLoggerTestUncachedThreadName.java,6,true,
7223,org/apache/logging/log4j/core/async,apache,org/apache/logging/log4j/core/async/AsyncLoggerTestUncachedThreadName.java,6,true,
7969,org/apache/logging/log4j/core/async,apache,org/apache/logging/log4j/core/async/AsyncLogger.java,260,true,
7397,org/apache/logging/log4j/core/async,apache,org/apache/logging/log4j/core/async/RingBufferLogEvent.java,130,true,
7969,org/apache/logging/log4j/core/async,apache,org/apache/logging/log4j/core/async/RingBufferLogEventHandler.java,260,true,
7397,org/apache/logging/log4j/core/async/perftest,apache,org/apache/logging/log4j/core/async/perftest/MTPerfTest.java,130,true,
7397,org/apache/logging/log4j/core/async/perftest,apache,org/apache/logging/log4j/core/async/perftest/MTPerfTest.java,130,true,
7397,org/apache/logging/log4j/core/async/perftest,apache,org/apache/logging/log4j/core/async/perftest/MTPerfTest.java,130,true,
7397,org/apache/logging/log4j/core/async/perftest,apache,org/apache/logging/log4j/core/async/perftest/PerfTest.java,130,true,
7397,org/apache/logging/log4j/core/async/perftest,apache,org/apache/logging/log4j/core/async/perftest/PerfTest.java,130,true,
7397,org/apache/logging/log4j/core/async/perftest,apache,org/apache/logging/log4j/core/async/perftest/PerfTest.java,130,true,
7397,org/apache/logging/log4j/core/async/perftest,apache,org/apache/logging/log4j/core/async/perftest/PerfTest.java,130,true,
7397,org/apache/logging/log4j/core/async/perftest,apache,org/apache/logging/log4j/core/async/perftest/PerfTest.java,130,true,
7397,org/apache/logging/log4j/core/async/perftest,apache,org/apache/logging/log4j/core/async/perftest/PerfTest.java,130,true,
7397,org/apache/logging/log4j/core/async/perftest,apache,org/apache/logging/log4j/core/async/perftest/PerfTest.java,130,true,
7397,org/apache/logging/log4j/core/async/perftest,apache,org/apache/logging/log4j/core/async/perftest/PerfTestDriver.java,130,true,
7397,org/apache/logging/log4j/core/async/perftest,apache,org/apache/logging/log4j/core/async/perftest/PerfTestDriver.java,130,true,
7397,org/apache/logging/log4j/core/async/perftest,apache,org/apache/logging/log4j/core/async/perftest/PerfTestDriver.java,130,true,
7397,org/apache/logging/log4j/core/async/perftest,apache,org/apache/logging/log4j/core/async/perftest/PerfTestDriver.java,130,true,
7397,org/apache/logging/log4j/core/async/perftest,apache,org/apache/logging/log4j/core/async/perftest/PerfTestDriver.java,130,true,
7397,org/apache/logging/log4j/core/async/perftest,apache,org/apache/logging/log4j/core/async/perftest/PerfTestDriver.java,130,true,
7397,org/apache/logging/log4j/core/async/perftest,apache,org/apache/logging/log4j/core/async/perftest/PerfTestDriver.java,130,true,
7397,org/apache/logging/log4j/core/async/perftest,apache,org/apache/logging/log4j/core/async/perftest/PerfTestDriver.java,130,true,
7397,org/apache/logging/log4j/core/async/perftest,apache,org/apache/logging/log4j/core/async/perftest/PerfTestResultFormatter.java,130,true,
7397,org/apache/logging/log4j/core/async/perftest,apache,org/apache/logging/log4j/core/async/perftest/PerfTestResultFormatter.java,130,true,
7397,org/apache/logging/log4j/core/async/perftest,apache,org/apache/logging/log4j/core/async/perftest/PerfTestResultFormatter.java,130,true,
7397,org/apache/logging/log4j/core/async/perftest,apache,org/apache/logging/log4j/core/async/perftest/PerfTestResultFormatter.java,130,true,
7397,org/apache/logging/log4j/core/async/perftest,apache,org/apache/logging/log4j/core/async/perftest/PerfTestResultFormatter.java,130,true,
7397,org/apache/logging/log4j/core/async/perftest,apache,org/apache/logging/log4j/core/async/perftest/PerfTestResultFormatter.java,130,true,
7397,org/apache/logging/log4j/core/async/perftest,apache,org/apache/logging/log4j/core/async/perftest/PerfTestResultFormatter.java,130,true,
7397,org/apache/logging/log4j/core/async/perftest,apache,org/apache/logging/log4j/core/async/perftest/RunLog4j1.java,130,true,
7969,org/apache/logging/log4j/core/async/perftest,apache,org/apache/logging/log4j/core/async/perftest/RunLog4j2.java,260,true,
7397,org/apache/logging/log4j/core/async/perftest,apache,org/apache/logging/log4j/core/async/perftest/RunLogback.java,130,true,
7397,org/apache/logging/log4j/core/config,apache,org/apache/logging/log4j/core/config/AdvertiserTest.java,130,true,
7397,org/apache/logging/log4j/core/config,apache,org/apache/logging/log4j/core/config/AdvertiserTest.java,130,true,
8968,org/apache/logging/log4j/core/config,apache,org/apache/logging/log4j/core/config/AppenderControl.java,1331,true,
8968,org/apache/logging/log4j/core/config,apache,org/apache/logging/log4j/core/config/BaseConfiguration.java,1331,true,
8968,org/apache/logging/log4j/core/config,apache,org/apache/logging/log4j/core/config/BaseConfiguration.java,1331,true,
8968,org/apache/logging/log4j/core/config,apache,org/apache/logging/log4j/core/config/BaseConfiguration.java,1331,true,
8968,org/apache/logging/log4j/core/config,apache,org/apache/logging/log4j/core/config/BaseConfiguration.java,1331,true,
8968,org/apache/logging/log4j/core/config,apache,org/apache/logging/log4j/core/config/BaseConfiguration.java,1331,true,
8968,org/apache/logging/log4j/core/config,apache,org/apache/logging/log4j/core/config/BaseConfiguration.java,1331,true,
8968,org/apache/logging/log4j/core/config,apache,org/apache/logging/log4j/core/config/BaseConfiguration.java,1331,true,
8968,org/apache/logging/log4j/core/config,apache,org/apache/logging/log4j/core/config/ConfigurationFactory.java,1331,true,
8968,org/apache/logging/log4j/core/config,apache,org/apache/logging/log4j/core/config/ConfigurationFactory.java,1331,true,
8968,org/apache/logging/log4j/core/config,apache,org/apache/logging/log4j/core/config/ConfigurationFactory.java,1331,true,
8968,org/apache/logging/log4j/core/config,apache,org/apache/logging/log4j/core/config/ConfigurationFactory.java,1331,true,
8968,org/apache/logging/log4j/core/config,apache,org/apache/logging/log4j/core/config/ConfigurationFactory.java,1331,true,
8968,org/apache/logging/log4j/core/config,apache,org/apache/logging/log4j/core/config/ConfigurationFactory.java,1331,true,
8968,org/apache/logging/log4j/core/config,apache,org/apache/logging/log4j/core/config/DefaultConfiguration.java,1331,true,
7397,org/apache/logging/log4j/core/config,apache,org/apache/logging/log4j/core/config/FileOutputTest.java,130,true,
7397,org/apache/logging/log4j/core/config,apache,org/apache/logging/log4j/core/config/FileOutputTest.java,130,true,
8833,org/apache/logging/log4j/core/config,apache,org/apache/logging/log4j/core/config/JSONConfiguration.java,781,true,
8833,org/apache/logging/log4j/core/config,apache,org/apache/logging/log4j/core/config/JSONConfiguration.java,781,true,
8833,org/apache/logging/log4j/core/config,apache,org/apache/logging/log4j/core/config/JSONConfiguration.java,781,true,
8833,org/apache/logging/log4j/core/config,apache,org/apache/logging/log4j/core/config/JSONConfiguration.java,781,true,
8833,org/apache/logging/log4j/core/config,apache,org/apache/logging/log4j/core/config/JSONConfigurationFactory.java,781,true,
8833,org/apache/logging/log4j/core/config,apache,org/apache/logging/log4j/core/config/JSONConfigurationFactory.java,781,true,
8833,org/apache/logging/log4j/core/config,apache,org/apache/logging/log4j/core/config/JSONConfigurationFactory.java,781,true,
7665,org/apache/logging/log4j/core/config,apache,org/apache/logging/log4j/core/config/LoggerConfig.java,178,true,
7665,org/apache/logging/log4j/core/config,apache,org/apache/logging/log4j/core/config/LoggerConfig.java,178,true,
8186,org/apache/logging/log4j/core/config,apache,org/apache/logging/log4j/core/config/Node.java,388,true,
7397,org/apache/logging/log4j/core/config,apache,org/apache/logging/log4j/core/config/TestConfigurator.java,130,true,
7665,org/apache/logging/log4j/core/config,apache,org/apache/logging/log4j/core/config/XMLConfiguration.java,178,true,
7665,org/apache/logging/log4j/core/config,apache,org/apache/logging/log4j/core/config/XMLConfiguration.java,178,true,
8968,org/apache/logging/log4j/core/config,apache,org/apache/logging/log4j/core/config/XMLConfigurationFactory.java,1331,true,
8968,org/apache/logging/log4j/core/config,apache,org/apache/logging/log4j/core/config/XMLConfigurationFactory.java,1331,true,
7397,org/apache/logging/log4j/core/config,apache,org/apache/logging/log4j/core/config/XMLConfigurationTest.java,130,true,
7397,org/apache/logging/log4j/core/config,apache,org/apache/logging/log4j/core/config/XMLConfigurationTest.java,130,true,
7397,org/apache/logging/log4j/core/config,apache,org/apache/logging/log4j/core/config/XMLConfigurationTest.java,130,true,
7665,org/apache/logging/log4j/core/config/plugins,apache,org/apache/logging/log4j/core/config/plugins/PluginManager.java,178,true,
7665,org/apache/logging/log4j/core/config/plugins,apache,org/apache/logging/log4j/core/config/plugins/PluginManager.java,178,true,
7665,org/apache/logging/log4j/core/config/plugins,apache,org/apache/logging/log4j/core/config/plugins/PluginManager.java,178,true,
7665,org/apache/logging/log4j/core/config/plugins,apache,org/apache/logging/log4j/core/config/plugins/PluginManager.java,178,true,
7665,org/apache/logging/log4j/core/config/plugins,apache,org/apache/logging/log4j/core/config/plugins/PluginManager.java,178,true,
7665,org/apache/logging/log4j/core/config/plugins,apache,org/apache/logging/log4j/core/config/plugins/PluginManager.java,178,true,
8776,org/apache/logging/log4j/core/config/plugins,apache,org/apache/logging/log4j/core/config/plugins/PluginType.java,613,true,
8776,org/apache/logging/log4j/core/filter,apache,org/apache/logging/log4j/core/filter/BurstFilter.java,613,true,
7397,org/apache/logging/log4j/core/filter,apache,org/apache/logging/log4j/core/filter/BurstFilterTest.java,130,true,
7397,org/apache/logging/log4j/core/filter,apache,org/apache/logging/log4j/core/filter/RegexFilterTest.java,130,true,
7402,org/apache/logging/log4j/core/helpers,apache,org/apache/logging/log4j/core/helpers/Closer.java,132,true,
7402,org/apache/logging/log4j/core/helpers,apache,org/apache/logging/log4j/core/helpers/Closer.java,132,true,
7402,org/apache/logging/log4j/core/helpers,apache,org/apache/logging/log4j/core/helpers/Closer.java,132,true,
8156,org/apache/logging/log4j/core/helpers,apache,org/apache/logging/log4j/core/helpers/CyclicBuffer.java,372,true,
8794,org/apache/logging/log4j/core/helpers,apache,org/apache/logging/log4j/core/helpers/NameUtil.java,696,true,
8794,org/apache/logging/log4j/core/helpers,apache,org/apache/logging/log4j/core/helpers/NameUtil.java,696,true,
7397,org/apache/logging/log4j/core/helpers,apache,org/apache/logging/log4j/core/helpers/OptionConverter.java,130,true,
8918,org/apache/logging/log4j/core/helpers,apache,org/apache/logging/log4j/core/helpers/Transform.java,956,true,
8807,org/apache/logging/log4j/core/helpers,apache,org/apache/logging/log4j/core/helpers/UUIDTest.java,734,true,
8807,org/apache/logging/log4j/core/helpers,apache,org/apache/logging/log4j/core/helpers/UUIDTest.java,734,true,
8061,org/apache/logging/log4j/core/helpers,apache,org/apache/logging/log4j/core/helpers/UUIDUtil.java,348,true,
8061,org/apache/logging/log4j/core/helpers,apache,org/apache/logging/log4j/core/helpers/UUIDUtil.java,348,true,
7372,org/apache/logging/log4j/core/impl,apache,org/apache/logging/log4j/core/impl/ReflectionComparison.java,124,true,
8893,org/apache/logging/log4j/core/impl,apache,org/apache/logging/log4j/core/impl/ThrowableProxy.java,844,true,
8893,org/apache/logging/log4j/core/impl,apache,org/apache/logging/log4j/core/impl/ThrowableProxy.java,844,true,
8893,org/apache/logging/log4j/core/impl,apache,org/apache/logging/log4j/core/impl/ThrowableProxy.java,844,true,
8893,org/apache/logging/log4j/core/impl,apache,org/apache/logging/log4j/core/impl/ThrowableProxy.java,844,true,
8893,org/apache/logging/log4j/core/impl,apache,org/apache/logging/log4j/core/impl/ThrowableProxy.java,844,true,
8893,org/apache/logging/log4j/core/impl,apache,org/apache/logging/log4j/core/impl/ThrowableProxy.java,844,true,
7665,org/apache/logging/log4j/core/jmx,apache,org/apache/logging/log4j/core/jmx/Server.java,178,true,
7665,org/apache/logging/log4j/core/jmx,apache,org/apache/logging/log4j/core/jmx/Server.java,178,true,
7665,org/apache/logging/log4j/core/jmx,apache,org/apache/logging/log4j/core/jmx/Server.java,178,true,
7665,org/apache/logging/log4j/core/jmx,apache,org/apache/logging/log4j/core/jmx/Server.java,178,true,
7665,org/apache/logging/log4j/core/jmx,apache,org/apache/logging/log4j/core/jmx/Server.java,178,true,
8553,org/apache/logging/log4j/core/layout,apache,org/apache/logging/log4j/core/layout/AbstractLayout.java,450,true,
8553,org/apache/logging/log4j/core/layout,apache,org/apache/logging/log4j/core/layout/AbstractLayout.java,450,true,
8553,org/apache/logging/log4j/core/layout,apache,org/apache/logging/log4j/core/layout/AbstractLayout.java,450,true,
8553,org/apache/logging/log4j/core/layout,apache,org/apache/logging/log4j/core/layout/AbstractLayout.java,450,true,
8908,org/apache/logging/log4j/core/layout,apache,org/apache/logging/log4j/core/layout/AbstractStringLayout.java,935,true,
7457,org/apache/logging/log4j/core/layout,apache,org/apache/logging/log4j/core/layout/JSONLayout.java,139,true,
7457,org/apache/logging/log4j/core/layout,apache,org/apache/logging/log4j/core/layout/JSONLayout.java,139,true,
8968,org/apache/logging/log4j/core/layout,apache,org/apache/logging/log4j/core/layout/PatternLayout.java,1331,true,
8968,org/apache/logging/log4j/core/layout,apache,org/apache/logging/log4j/core/layout/PatternLayout.java,1331,true,
8968,org/apache/logging/log4j/core/layout,apache,org/apache/logging/log4j/core/layout/PatternLayoutTest.java,1331,true,
8968,org/apache/logging/log4j/core/layout,apache,org/apache/logging/log4j/core/layout/PatternLayoutTest.java,1331,true,
8968,org/apache/logging/log4j/core/layout,apache,org/apache/logging/log4j/core/layout/PatternLayoutTest.java,1331,true,
8968,org/apache/logging/log4j/core/layout,apache,org/apache/logging/log4j/core/layout/PatternLayoutTest.java,1331,true,
8968,org/apache/logging/log4j/core/layout,apache,org/apache/logging/log4j/core/layout/PatternLayoutTest.java,1331,true,
7672,org/apache/logging/log4j/core/layout,apache,org/apache/logging/log4j/core/layout/RFC5424Layout.java,179,true,
7672,org/apache/logging/log4j/core/layout,apache,org/apache/logging/log4j/core/layout/RFC5424Layout.java,179,true,
8915,org/apache/logging/log4j/core/layout,apache,org/apache/logging/log4j/core/layout/RFC5424LayoutTest.java,952,true,
8916,org/apache/logging/log4j/core/layout,apache,org/apache/logging/log4j/core/layout/SerializedLayout.java,953,true,
8916,org/apache/logging/log4j/core/layout,apache,org/apache/logging/log4j/core/layout/SerializedLayout.java,953,true,
8917,org/apache/logging/log4j/core/layout,apache,org/apache/logging/log4j/core/layout/XMLLayout.java,954,true,
8917,org/apache/logging/log4j/core/layout,apache,org/apache/logging/log4j/core/layout/XMLLayout.java,954,true,
7397,org/apache/logging/log4j/core/lookup,apache,org/apache/logging/log4j/core/lookup/DateLookupTest.java,130,true,
7397,org/apache/logging/log4j/core/lookup,apache,org/apache/logging/log4j/core/lookup/DateLookupTest.java,130,true,
7245,org/apache/logging/log4j/core/lookup,apache,org/apache/logging/log4j/core/lookup/ResourceBundleLookupTest.java,84,true,
7245,org/apache/logging/log4j/core/lookup,apache,org/apache/logging/log4j/core/lookup/ResourceBundleLookupTest.java,84,true,
7397,org/apache/logging/log4j/core/net,apache,org/apache/logging/log4j/core/net/AbstractSocketServerTest.java,130,true,
8912,org/apache/logging/log4j/core/net,apache,org/apache/logging/log4j/core/net/DatagramOutputStream.java,948,true,
8912,org/apache/logging/log4j/core/net,apache,org/apache/logging/log4j/core/net/DatagramOutputStream.java,948,true,
7397,org/apache/logging/log4j/core/net,apache,org/apache/logging/log4j/core/net/JMSQueueAppenderTest.java,130,true,
7397,org/apache/logging/log4j/core/net,apache,org/apache/logging/log4j/core/net/JMSQueueAppenderTest.java,130,true,
7397,org/apache/logging/log4j/core/net,apache,org/apache/logging/log4j/core/net/JMSQueueFailoverTest.java,130,true,
7397,org/apache/logging/log4j/core/net,apache,org/apache/logging/log4j/core/net/JMSQueueFailoverTest.java,130,true,
7397,org/apache/logging/log4j/core/net,apache,org/apache/logging/log4j/core/net/JMSQueueFailoverTest.java,130,true,
8794,org/apache/logging/log4j/core/net,apache,org/apache/logging/log4j/core/net/JMSQueueManager.java,696,true,
8908,org/apache/logging/log4j/core/net,apache,org/apache/logging/log4j/core/net/JMSQueueReceiver.java,935,true,
7397,org/apache/logging/log4j/core/net,apache,org/apache/logging/log4j/core/net/JMSQueueTest.java,130,true,
7397,org/apache/logging/log4j/core/net,apache,org/apache/logging/log4j/core/net/JMSQueueTest.java,130,true,
7397,org/apache/logging/log4j/core/net,apache,org/apache/logging/log4j/core/net/JMSTopicFailoverTest.java,130,true,
7397,org/apache/logging/log4j/core/net,apache,org/apache/logging/log4j/core/net/JMSTopicFailoverTest.java,130,true,
7397,org/apache/logging/log4j/core/net,apache,org/apache/logging/log4j/core/net/JMSTopicFailoverTest.java,130,true,
8061,org/apache/logging/log4j/core/net,apache,org/apache/logging/log4j/core/net/JMSTopicReceiver.java,348,true,
7397,org/apache/logging/log4j/core/net,apache,org/apache/logging/log4j/core/net/JMSTopicTest.java,130,true,
7397,org/apache/logging/log4j/core/net,apache,org/apache/logging/log4j/core/net/JMSTopicTest.java,130,true,
8915,org/apache/logging/log4j/core/net,apache,org/apache/logging/log4j/core/net/Priority.java,952,true,
7397,org/apache/logging/log4j/core/net,apache,org/apache/logging/log4j/core/net/SMTPManager.java,130,true,
7397,org/apache/logging/log4j/core/net,apache,org/apache/logging/log4j/core/net/SocketMessageLossTest.java,130,true,
7397,org/apache/logging/log4j/core/net,apache,org/apache/logging/log4j/core/net/SocketMessageLossTest.java,130,true,
7397,org/apache/logging/log4j/core/net,apache,org/apache/logging/log4j/core/net/SocketReconnectTest.java,130,true,
7397,org/apache/logging/log4j/core/net,apache,org/apache/logging/log4j/core/net/SocketReconnectTest.java,130,true,
7397,org/apache/logging/log4j/core/net,apache,org/apache/logging/log4j/core/net/SocketServer.java,130,true,
7397,org/apache/logging/log4j/core/net,apache,org/apache/logging/log4j/core/net/SocketTest.java,130,true,
7397,org/apache/logging/log4j/core/net,apache,org/apache/logging/log4j/core/net/SocketTest.java,130,true,
7397,org/apache/logging/log4j/core/net,apache,org/apache/logging/log4j/core/net/TCPSocketManager.java,130,true,
7397,org/apache/logging/log4j/core/net,apache,org/apache/logging/log4j/core/net/TCPSocketManager.java,130,true,
7397,org/apache/logging/log4j/core/net,apache,org/apache/logging/log4j/core/net/TCPSocketManager.java,130,true,
7330,org/apache/logging/log4j/core/net,apache,org/apache/logging/log4j/core/net/TLSSocketManager.java,120,true,
7330,org/apache/logging/log4j/core/net,apache,org/apache/logging/log4j/core/net/TLSSocketManager.java,120,true,
7856,org/apache/logging/log4j/core/net,apache,org/apache/logging/log4j/core/net/UDPSocketServer.java,237,true,
7856,org/apache/logging/log4j/core/net,apache,org/apache/logging/log4j/core/net/UDPSocketServer.java,237,true,
7330,org/apache/logging/log4j/core/net/mock,apache,org/apache/logging/log4j/core/net/mock/MockSyslogServer.java,120,true,
7330,org/apache/logging/log4j/core/net/mock,apache,org/apache/logging/log4j/core/net/mock/MockSyslogServer.java,120,true,
7330,org/apache/logging/log4j/core/net/mock,apache,org/apache/logging/log4j/core/net/mock/MockTCPSyslogServer.java,120,true,
7330,org/apache/logging/log4j/core/net/mock,apache,org/apache/logging/log4j/core/net/mock/MockTCPSyslogServer.java,120,true,
7330,org/apache/logging/log4j/core/net/mock,apache,org/apache/logging/log4j/core/net/mock/MockTCPSyslogServer.java,120,true,
7330,org/apache/logging/log4j/core/net/mock,apache,org/apache/logging/log4j/core/net/mock/MockTCPSyslogServer.java,120,true,
7330,org/apache/logging/log4j/core/net/mock,apache,org/apache/logging/log4j/core/net/mock/MockTLSSyslogServer.java,120,true,
7330,org/apache/logging/log4j/core/net/mock,apache,org/apache/logging/log4j/core/net/mock/MockTLSSyslogServer.java,120,true,
7330,org/apache/logging/log4j/core/net/mock,apache,org/apache/logging/log4j/core/net/mock/MockTLSSyslogServer.java,120,true,
7330,org/apache/logging/log4j/core/net/mock,apache,org/apache/logging/log4j/core/net/mock/MockTLSSyslogServer.java,120,true,
7330,org/apache/logging/log4j/core/net/mock,apache,org/apache/logging/log4j/core/net/mock/MockTLSSyslogServer.java,120,true,
7330,org/apache/logging/log4j/core/net/mock,apache,org/apache/logging/log4j/core/net/mock/MockUDPSyslogServer.java,120,true,
7330,org/apache/logging/log4j/core/net/mock,apache,org/apache/logging/log4j/core/net/mock/MockUDPSyslogServer.java,120,true,
7330,org/apache/logging/log4j/core/net/ssl,apache,org/apache/logging/log4j/core/net/ssl/KeyStoreConfigurationTest.java,120,true,
7330,org/apache/logging/log4j/core/net/ssl,apache,org/apache/logging/log4j/core/net/ssl/LegacyBSDTLSSyslogInputStreamReader.java,120,true,
7330,org/apache/logging/log4j/core/net/ssl,apache,org/apache/logging/log4j/core/net/ssl/SSLConfiguration.java,120,true,
7330,org/apache/logging/log4j/core/net/ssl,apache,org/apache/logging/log4j/core/net/ssl/SSLConfiguration.java,120,true,
7330,org/apache/logging/log4j/core/net/ssl,apache,org/apache/logging/log4j/core/net/ssl/SSLConfigurationTest.java,120,true,
7330,org/apache/logging/log4j/core/net/ssl,apache,org/apache/logging/log4j/core/net/ssl/SSLConfigurationTest.java,120,true,
7330,org/apache/logging/log4j/core/net/ssl,apache,org/apache/logging/log4j/core/net/ssl/SSLConfigurationTest.java,120,true,
7330,org/apache/logging/log4j/core/net/ssl,apache,org/apache/logging/log4j/core/net/ssl/SSLConfigurationTest.java,120,true,
7330,org/apache/logging/log4j/core/net/ssl,apache,org/apache/logging/log4j/core/net/ssl/SSLConfigurationTest.java,120,true,
7330,org/apache/logging/log4j/core/net/ssl,apache,org/apache/logging/log4j/core/net/ssl/StoreConfiguration.java,120,true,
7330,org/apache/logging/log4j/core/net/ssl,apache,org/apache/logging/log4j/core/net/ssl/StoreConfiguration.java,120,true,
7330,org/apache/logging/log4j/core/net/ssl,apache,org/apache/logging/log4j/core/net/ssl/StoreConfiguration.java,120,true,
7330,org/apache/logging/log4j/core/net/ssl,apache,org/apache/logging/log4j/core/net/ssl/StoreConfiguration.java,120,true,
7330,org/apache/logging/log4j/core/net/ssl,apache,org/apache/logging/log4j/core/net/ssl/StoreConfiguration.java,120,true,
7330,org/apache/logging/log4j/core/net/ssl,apache,org/apache/logging/log4j/core/net/ssl/TLSSyslogInputStreamReader.java,120,true,
7330,org/apache/logging/log4j/core/net/ssl,apache,org/apache/logging/log4j/core/net/ssl/TLSSyslogInputStreamReader.java,120,true,
7330,org/apache/logging/log4j/core/net/ssl,apache,org/apache/logging/log4j/core/net/ssl/TLSSyslogInputStreamReader.java,120,true,
7330,org/apache/logging/log4j/core/net/ssl,apache,org/apache/logging/log4j/core/net/ssl/TLSSyslogInputStreamReader.java,120,true,
7330,org/apache/logging/log4j/core/net/ssl,apache,org/apache/logging/log4j/core/net/ssl/TLSSyslogInputStreamReaderBase.java,120,true,
7330,org/apache/logging/log4j/core/net/ssl,apache,org/apache/logging/log4j/core/net/ssl/TrustStoreConfigurationTest.java,120,true,
8628,org/apache/logging/log4j/core/pattern,apache,org/apache/logging/log4j/core/pattern/AnsiEscape.java,459,true,
7397,org/apache/logging/log4j/core/pattern,apache,org/apache/logging/log4j/core/pattern/DatePatternConverter.java,130,true,
8628,org/apache/logging/log4j/core/pattern,apache,org/apache/logging/log4j/core/pattern/HighlightConverter.java,459,true,
7672,org/apache/logging/log4j/core/pattern,apache,org/apache/logging/log4j/core/pattern/LevelPatternConverter.java,179,true,
8929,org/apache/logging/log4j/core/pattern,apache,org/apache/logging/log4j/core/pattern/PatternParser.java,1061,true,
8929,org/apache/logging/log4j/core/pattern,apache,org/apache/logging/log4j/core/pattern/PatternParser.java,1061,true,
8929,org/apache/logging/log4j/core/pattern,apache,org/apache/logging/log4j/core/pattern/PatternParser.java,1061,true,
7397,org/apache/logging/log4j/core/pattern,apache,org/apache/logging/log4j/core/pattern/PatternParserTest.java,130,true,
7397,org/apache/logging/log4j/core/pattern,apache,org/apache/logging/log4j/core/pattern/PatternParserTest.java,130,true,
7397,org/apache/logging/log4j/core/pattern,apache,org/apache/logging/log4j/core/pattern/PatternParserTest.java,130,true,
7397,org/apache/logging/log4j/core/pattern,apache,org/apache/logging/log4j/core/pattern/PatternParserTest.java,130,true,
7397,org/apache/logging/log4j/core/pattern,apache,org/apache/logging/log4j/core/pattern/PatternParserTest.java,130,true,
7397,org/apache/logging/log4j/core/pattern,apache,org/apache/logging/log4j/core/pattern/PatternParserTest.java,130,true,
7397,org/apache/logging/log4j/core/pattern,apache,org/apache/logging/log4j/core/pattern/PatternParserTest.java,130,true,
7397,org/apache/logging/log4j/core/pattern,apache,org/apache/logging/log4j/core/pattern/PatternParserTest.java,130,true,
8478,org/apache/logging/log4j/core/pattern,apache,org/apache/logging/log4j/core/pattern/RelativeTimePatternConverter.java,450,true,
8929,org/apache/logging/log4j/core/pattern,apache,org/apache/logging/log4j/core/pattern/ThrowablePatternConverter.java,1061,true,
8776,org/apache/logging/log4j/core/selector,apache,org/apache/logging/log4j/core/selector/ClassLoaderContextSelector.java,613,true,
8776,org/apache/logging/log4j/core/selector,apache,org/apache/logging/log4j/core/selector/ClassLoaderContextSelector.java,613,true,
8776,org/apache/logging/log4j/core/util,apache,org/apache/logging/log4j/core/util/Compare.java,613,true,
8776,org/apache/logging/log4j/core/util,apache,org/apache/logging/log4j/core/util/Compare.java,613,true,
8776,org/apache/logging/log4j/core/util,apache,org/apache/logging/log4j/core/util/Compare.java,613,true,
8776,org/apache/logging/log4j/core/util,apache,org/apache/logging/log4j/core/util/Compare.java,613,true,
8776,org/apache/logging/log4j/core/util,apache,org/apache/logging/log4j/core/util/Compare.java,613,true,
8776,org/apache/logging/log4j/core/util,apache,org/apache/logging/log4j/core/util/Profiler.java,613,true,
8776,org/apache/logging/log4j/core/util,apache,org/apache/logging/log4j/core/util/Profiler.java,613,true,
8776,org/apache/logging/log4j/core/util,apache,org/apache/logging/log4j/core/util/Profiler.java,613,true,
7677,org/apache/logging/log4j/core/web,apache,org/apache/logging/log4j/core/web/Log4jWebInitializerImpl.java,180,true,
8709,org/apache/logging/log4j/flume/appender,apache,org/apache/logging/log4j/flume/appender/FlumeAppender.java,511,true,
8709,org/apache/logging/log4j/flume/appender,apache,org/apache/logging/log4j/flume/appender/FlumeAppender.java,511,true,
8709,org/apache/logging/log4j/flume/appender,apache,org/apache/logging/log4j/flume/appender/FlumeAppenderTest.java,511,true,
8709,org/apache/logging/log4j/flume/appender,apache,org/apache/logging/log4j/flume/appender/FlumeAppenderTest.java,511,true,
8709,org/apache/logging/log4j/flume/appender,apache,org/apache/logging/log4j/flume/appender/FlumeAppenderTest.java,511,true,
8709,org/apache/logging/log4j/flume/appender,apache,org/apache/logging/log4j/flume/appender/FlumeAppenderTest.java,511,true,
8807,org/apache/logging/log4j/flume/appender,apache,org/apache/logging/log4j/flume/appender/FlumeAvroManager.java,734,true,
8807,org/apache/logging/log4j/flume/appender,apache,org/apache/logging/log4j/flume/appender/FlumeAvroManager.java,734,true,
8807,org/apache/logging/log4j/flume/appender,apache,org/apache/logging/log4j/flume/appender/FlumeAvroManager.java,734,true,
8709,org/apache/logging/log4j/flume/appender,apache,org/apache/logging/log4j/flume/appender/FlumeEmbeddedAgentTest.java,511,true,
8709,org/apache/logging/log4j/flume/appender,apache,org/apache/logging/log4j/flume/appender/FlumeEmbeddedAgentTest.java,511,true,
8709,org/apache/logging/log4j/flume/appender,apache,org/apache/logging/log4j/flume/appender/FlumeEmbeddedAgentTest.java,511,true,
8709,org/apache/logging/log4j/flume/appender,apache,org/apache/logging/log4j/flume/appender/FlumeEmbeddedAgentTest.java,511,true,
8709,org/apache/logging/log4j/flume/appender,apache,org/apache/logging/log4j/flume/appender/FlumeEmbeddedAgentTest.java,511,true,
8709,org/apache/logging/log4j/flume/appender,apache,org/apache/logging/log4j/flume/appender/FlumeEmbeddedAgentTest.java,511,true,
8709,org/apache/logging/log4j/flume/appender,apache,org/apache/logging/log4j/flume/appender/FlumeEmbeddedAgentTest.java,511,true,
8709,org/apache/logging/log4j/flume/appender,apache,org/apache/logging/log4j/flume/appender/FlumeEmbeddedAgentTest.java,511,true,
8709,org/apache/logging/log4j/flume/appender,apache,org/apache/logging/log4j/flume/appender/FlumeEmbeddedAgentTest.java,511,true,
8709,org/apache/logging/log4j/flume/appender,apache,org/apache/logging/log4j/flume/appender/FlumeEmbeddedAgentTest.java,511,true,
8709,org/apache/logging/log4j/flume/appender,apache,org/apache/logging/log4j/flume/appender/FlumeEmbeddedAppenderTest.java,511,true,
8709,org/apache/logging/log4j/flume/appender,apache,org/apache/logging/log4j/flume/appender/FlumeEmbeddedAppenderTest.java,511,true,
8709,org/apache/logging/log4j/flume/appender,apache,org/apache/logging/log4j/flume/appender/FlumeEmbeddedAppenderTest.java,511,true,
8709,org/apache/logging/log4j/flume/appender,apache,org/apache/logging/log4j/flume/appender/FlumeEmbeddedAppenderTest.java,511,true,
8709,org/apache/logging/log4j/flume/appender,apache,org/apache/logging/log4j/flume/appender/FlumeEmbeddedAppenderTest.java,511,true,
8709,org/apache/logging/log4j/flume/appender,apache,org/apache/logging/log4j/flume/appender/FlumeEmbeddedAppenderTest.java,511,true,
8709,org/apache/logging/log4j/flume/appender,apache,org/apache/logging/log4j/flume/appender/FlumeEmbeddedAppenderTest.java,511,true,
8709,org/apache/logging/log4j/flume/appender,apache,org/apache/logging/log4j/flume/appender/FlumeEmbeddedAppenderTest.java,511,true,
8709,org/apache/logging/log4j/flume/appender,apache,org/apache/logging/log4j/flume/appender/FlumeEmbeddedManager.java,511,true,
8017,org/apache/logging/log4j/flume/appender,apache,org/apache/logging/log4j/flume/appender/FlumePersistentAppenderTest.java,294,true,
8017,org/apache/logging/log4j/flume/appender,apache,org/apache/logging/log4j/flume/appender/FlumePersistentAppenderTest.java,294,true,
8017,org/apache/logging/log4j/flume/appender,apache,org/apache/logging/log4j/flume/appender/FlumePersistentAppenderTest.java,294,true,
8017,org/apache/logging/log4j/flume/appender,apache,org/apache/logging/log4j/flume/appender/FlumePersistentAppenderTest.java,294,true,
8017,org/apache/logging/log4j/flume/appender,apache,org/apache/logging/log4j/flume/appender/FlumePersistentAppenderTest.java,294,true,
8017,org/apache/logging/log4j/flume/appender,apache,org/apache/logging/log4j/flume/appender/FlumePersistentAppenderTest.java,294,true,
8017,org/apache/logging/log4j/flume/appender,apache,org/apache/logging/log4j/flume/appender/FlumePersistentAppenderTest.java,294,true,
8017,org/apache/logging/log4j/flume/appender,apache,org/apache/logging/log4j/flume/appender/FlumePersistentAppenderTest.java,294,true,
8017,org/apache/logging/log4j/flume/appender,apache,org/apache/logging/log4j/flume/appender/FlumePersistentAppenderTest.java,294,true,
8017,org/apache/logging/log4j/flume/appender,apache,org/apache/logging/log4j/flume/appender/FlumePersistentManager.java,294,true,
8017,org/apache/logging/log4j/flume/appender,apache,org/apache/logging/log4j/flume/appender/FlumePersistentManager.java,294,true,
8017,org/apache/logging/log4j/flume/appender,apache,org/apache/logging/log4j/flume/appender/FlumePersistentManager.java,294,true,
8017,org/apache/logging/log4j/flume/appender,apache,org/apache/logging/log4j/flume/appender/FlumePersistentManager.java,294,true,
8017,org/apache/logging/log4j/flume/appender,apache,org/apache/logging/log4j/flume/appender/FlumePersistentManager.java,294,true,
8017,org/apache/logging/log4j/flume/appender,apache,org/apache/logging/log4j/flume/appender/FlumePersistentManager.java,294,true,
8017,org/apache/logging/log4j/flume/appender,apache,org/apache/logging/log4j/flume/appender/FlumePersistentManager.java,294,true,
8017,org/apache/logging/log4j/flume/appender,apache,org/apache/logging/log4j/flume/appender/FlumePersistentManager.java,294,true,
8017,org/apache/logging/log4j/flume/appender,apache,org/apache/logging/log4j/flume/appender/FlumePersistentManager.java,294,true,
8017,org/apache/logging/log4j/flume/appender,apache,org/apache/logging/log4j/flume/appender/FlumePersistentManager.java,294,true,
8017,org/apache/logging/log4j/flume/appender,apache,org/apache/logging/log4j/flume/appender/FlumePersistentManager.java,294,true,
8017,org/apache/logging/log4j/flume/appender,apache,org/apache/logging/log4j/flume/appender/FlumePersistentManager.java,294,true,
8017,org/apache/logging/log4j/flume/appender,apache,org/apache/logging/log4j/flume/appender/FlumePersistentManager.java,294,true,
7475,org/apache/logging/log4j/flume/appender,apache,org/apache/logging/log4j/flume/appender/FlumePersistentPerf.java,140,true,
7475,org/apache/logging/log4j/flume/appender,apache,org/apache/logging/log4j/flume/appender/FlumePersistentPerf.java,140,true,
7475,org/apache/logging/log4j/flume/appender,apache,org/apache/logging/log4j/flume/appender/FlumePersistentPerf.java,140,true,
7475,org/apache/logging/log4j/flume/appender,apache,org/apache/logging/log4j/flume/appender/FlumePersistentPerf.java,140,true,
7475,org/apache/logging/log4j/flume/appender,apache,org/apache/logging/log4j/flume/appender/FlumePersistentPerf.java,140,true,
7475,org/apache/logging/log4j/flume/appender,apache,org/apache/logging/log4j/flume/appender/FlumePersistentPerf.java,140,true,
7475,org/apache/logging/log4j/flume/appender,apache,org/apache/logging/log4j/flume/appender/FlumePersistentPerf.java,140,true,
7475,org/apache/logging/log4j/flume/appender,apache,org/apache/logging/log4j/flume/appender/FlumePersistentPerf.java,140,true,
7475,org/apache/logging/log4j/flume/appender,apache,org/apache/logging/log4j/flume/appender/FlumePersistentPerf.java,140,true,
7475,org/apache/logging/log4j/flume/appender,apache,org/apache/logging/log4j/flume/appender/FlumePersistentPerf.java,140,true,
7475,org/apache/logging/log4j/flume/appender,apache,org/apache/logging/log4j/flume/appender/FlumePersistentPerf.java,140,true,
8794,org/apache/logging/log4j/jcl,apache,org/apache/logging/log4j/jcl/LoggerTest.java,696,true,
7904,org/apache/logging/log4j/jmx/gui,apache,org/apache/logging/log4j/jmx/gui/ClientGUI.java,243,true,
7904,org/apache/logging/log4j/jmx/gui,apache,org/apache/logging/log4j/jmx/gui/Client.java,243,true,
7904,org/apache/logging/log4j/jmx/gui,apache,org/apache/logging/log4j/jmx/gui/ClientGUI.java,243,true,
8882,org/apache/logging/log4j/message,apache,org/apache/logging/log4j/message/BasicThreadInformation.java,829,true,
8882,org/apache/logging/log4j/message,apache,org/apache/logging/log4j/message/BasicThreadInformation.java,829,true,
8776,org/apache/logging/log4j/message,apache,org/apache/logging/log4j/message/ExtendedThreadInformation.java,613,true,
8169,org/apache/logging/log4j/message,apache,org/apache/logging/log4j/message/FormattedMessageTest.java,386,true,
8169,org/apache/logging/log4j/message,apache,org/apache/logging/log4j/message/FormattedMessageTest.java,386,true,
8169,org/apache/logging/log4j/message,apache,org/apache/logging/log4j/message/FormattedMessageTest.java,386,true,
8169,org/apache/logging/log4j/message,apache,org/apache/logging/log4j/message/FormattedMessageTest.java,386,true,
8794,org/apache/logging/log4j/message,apache,org/apache/logging/log4j/message/ParameterizedMessage.java,696,true,
8169,org/apache/logging/log4j/message,apache,org/apache/logging/log4j/message/LocalizedMessageTest.java,386,true,
8169,org/apache/logging/log4j/message,apache,org/apache/logging/log4j/message/MessageFormatMessage.java,386,true,
8169,org/apache/logging/log4j/message,apache,org/apache/logging/log4j/message/MessageFormatMessage.java,386,true,
8169,org/apache/logging/log4j/message,apache,org/apache/logging/log4j/message/MessageFormatMessageTest.java,386,true,
8169,org/apache/logging/log4j/message,apache,org/apache/logging/log4j/message/MessageFormatMessageTest.java,386,true,
8169,org/apache/logging/log4j/message,apache,org/apache/logging/log4j/message/MessageFormatsPerfTest.java,386,true,
8169,org/apache/logging/log4j/message,apache,org/apache/logging/log4j/message/MessageFormatsPerfTest.java,386,true,
8169,org/apache/logging/log4j/message,apache,org/apache/logging/log4j/message/MessageFormatsPerfTest.java,386,true,
8169,org/apache/logging/log4j/message,apache,org/apache/logging/log4j/message/MessageFormatsPerfTest.java,386,true,
8794,org/apache/logging/log4j/message,apache,org/apache/logging/log4j/message/ParameterizedMessage.java,696,true,
8794,org/apache/logging/log4j/message,apache,org/apache/logging/log4j/message/ParameterizedMessage.java,696,true,
8794,org/apache/logging/log4j/message,apache,org/apache/logging/log4j/message/ParameterizedMessage.java,696,true,
8794,org/apache/logging/log4j/message,apache,org/apache/logging/log4j/message/ParameterizedMessage.java,696,true,
8794,org/apache/logging/log4j/message,apache,org/apache/logging/log4j/message/ParameterizedMessage.java,696,true,
8776,org/apache/logging/log4j/message,apache,org/apache/logging/log4j/message/ParameterizedMessageTest.java,613,true,
8776,org/apache/logging/log4j/message,apache,org/apache/logging/log4j/message/SimpleMessage.java,613,true,
8710,org/apache/logging/log4j/message,apache,org/apache/logging/log4j/message/StringFormattedMessage.java,511,true,
8710,org/apache/logging/log4j/message,apache,org/apache/logging/log4j/message/StringFormattedMessage.java,511,true,
8710,org/apache/logging/log4j/message,apache,org/apache/logging/log4j/message/StringFormattedMessageTest.java,511,true,
8710,org/apache/logging/log4j/message,apache,org/apache/logging/log4j/message/StringFormattedMessageTest.java,511,true,
8968,org/apache/logging/log4j/message,apache,org/apache/logging/log4j/message/StructuredDataId.java,1331,true,
8968,org/apache/logging/log4j/message,apache,org/apache/logging/log4j/message/StructuredDataId.java,1331,true,
8968,org/apache/logging/log4j/message,apache,org/apache/logging/log4j/message/StructuredDataId.java,1331,true,
8968,org/apache/logging/log4j/message,apache,org/apache/logging/log4j/message/StructuredDataId.java,1331,true,
8968,org/apache/logging/log4j/message,apache,org/apache/logging/log4j/message/StructuredDataId.java,1331,true,
8967,org/apache/logging/log4j/message,apache,org/apache/logging/log4j/message/StructuredDataMessage.java,1331,true,
8887,org/apache/logging/log4j/message,apache,org/apache/logging/log4j/message/ThreadDumpMessage.java,838,true,
8776,org/apache/logging/log4j/message,apache,org/apache/logging/log4j/message/ThreadDumpMessageTest.java,613,true,
8776,org/apache/logging/log4j/message,apache,org/apache/logging/log4j/message/ThreadDumpMessageTest.java,613,true,
8776,org/apache/logging/log4j/message,apache,org/apache/logging/log4j/message/ThreadDumpMessageTest.java,613,true,
8776,org/apache/logging/log4j/message,apache,org/apache/logging/log4j/message/ThreadDumpMessageTest.java,613,true,
8776,org/apache/logging/log4j/message,apache,org/apache/logging/log4j/message/ThreadDumpMessageTest.java,613,true,
7287,org/apache/logging/log4j/osgi,apache,org/apache/logging/log4j/osgi/AbstractLoadBundleTest.java,112,true,
7287,org/apache/logging/log4j/osgi,apache,org/apache/logging/log4j/osgi/BundleTestInfo.java,112,true,
8077,org/apache/logging/log4j/samples/app,apache,org/apache/logging/log4j/samples/app/LoggingApp.java,353,true,
8077,org/apache/logging/log4j/samples/app,apache,org/apache/logging/log4j/samples/app/LoggingApp.java,353,true,
8077,org/apache/logging/log4j/samples/app,apache,org/apache/logging/log4j/samples/app/LoggingApp.java,353,true,
8226,org/apache/logging/log4j/samples/app,apache,org/apache/logging/log4j/samples/app/LoggingController.java,408,true,
8226,org/apache/logging/log4j/samples/app,apache,org/apache/logging/log4j/samples/app/MockEventsSupplier.java,408,true,
8226,org/apache/logging/log4j/samples/util,apache,org/apache/logging/log4j/samples/util/NamingUtils.java,408,true,
8226,org/apache/logging/log4j/samples/util,apache,org/apache/logging/log4j/samples/util/NamingUtils.java,408,true,
8226,org/apache/logging/log4j/samples/util,apache,org/apache/logging/log4j/samples/util/NamingUtils.java,408,true,
8448,org/apache/logging/log4j/simple,apache,org/apache/logging/log4j/simple/SimpleLogger.java,445,true,
8448,org/apache/logging/log4j/simple,apache,org/apache/logging/log4j/simple/SimpleLogger.java,445,true,
8448,org/apache/logging/log4j/simple,apache,org/apache/logging/log4j/simple/SimpleLoggerContext.java,445,true,
8448,org/apache/logging/log4j/simple,apache,org/apache/logging/log4j/simple/SimpleLoggerContext.java,445,true,
8794,org/apache/logging/log4j/spi,apache,org/apache/logging/log4j/spi/AbstractLoggerWrapper.java,696,true,
8794,org/apache/logging/log4j/status,apache,org/apache/logging/log4j/status/StatusConsoleListener.java,696,true,
8794,org/apache/logging/log4j/status,apache,org/apache/logging/log4j/status/StatusData.java,696,true,
8794,org/apache/logging/log4j/status,apache,org/apache/logging/log4j/status/StatusData.java,696,true,
7398,org/apache/logging/log4j/status,apache,org/apache/logging/log4j/status/StatusLogger.java,130,true,
7398,org/apache/logging/log4j/status,apache,org/apache/logging/log4j/status/StatusLogger.java,130,true,
7398,org/apache/logging/log4j/status,apache,org/apache/logging/log4j/status/StatusLogger.java,130,true,
7961,org/apache/logging/log4j/taglib,apache,org/apache/logging/log4j/taglib/CatchingTagTest.java,258,true,
7961,org/apache/logging/log4j/taglib,apache,org/apache/logging/log4j/taglib/EntryTagTest.java,258,true,
7961,org/apache/logging/log4j/taglib,apache,org/apache/logging/log4j/taglib/ExceptionAwareTagSupportTest.java,258,true,
7961,org/apache/logging/log4j/taglib,apache,org/apache/logging/log4j/taglib/ExceptionAwareTagSupportTest.java,258,true,
7388,org/apache/logging/log4j/taglib,apache,org/apache/logging/log4j/taglib/ExitTagTest.java,130,true,
7961,org/apache/logging/log4j/taglib,apache,org/apache/logging/log4j/taglib/IfEnabledTagTest.java,258,true,
7961,org/apache/logging/log4j/taglib,apache,org/apache/logging/log4j/taglib/LogTagTest.java,258,true,
7961,org/apache/logging/log4j/taglib,apache,org/apache/logging/log4j/taglib/LoggerAwareTagSupportTest.java,258,true,
7961,org/apache/logging/log4j/taglib,apache,org/apache/logging/log4j/taglib/LoggerAwareTagSupportTest.java,258,true,
7961,org/apache/logging/log4j/taglib,apache,org/apache/logging/log4j/taglib/LoggerAwareTagSupportTest.java,258,true,
7961,org/apache/logging/log4j/taglib,apache,org/apache/logging/log4j/taglib/LoggerAwareTagSupportTest.java,258,true,
7961,org/apache/logging/log4j/taglib,apache,org/apache/logging/log4j/taglib/LoggingMessageTagSupportTest.java,258,true,
7961,org/apache/logging/log4j/taglib,apache,org/apache/logging/log4j/taglib/LoggingMessageTagSupportTest.java,258,true,
7449,org/apache/logging/log4j/test/appender,apache,org/apache/logging/log4j/test/appender/ListAppender.java,136,true,
7551,org/apache/logging/slf4j,apache,org/apache/logging/slf4j/OptionalTest.java,166,true,
8145,org/apache/logging/slf4j,apache,org/apache/logging/slf4j/SLF4JLogger.java,362,true,
7551,org/slf4j/helpers,apache,org/slf4j/helpers/EventDataConverter.java,166,true,
8930,org/slf4j/impl,apache,org/slf4j/impl/StaticLoggerBinder.java,1091,true,
8930,org/slf4j/impl,apache,org/slf4j/impl/StaticLoggerBinder.java,1091,true,
